TIMESTAMP,TA_F,TA_F_QC,SW_IN_POT,SW_IN_F,SW_IN_F_QC,LW_IN_F,LW_IN_F_QC,VPD_F,VPD_F_QC,PA_F,PA_F_QC,P_F,P_F_QC,WS_F,WS_F_QC,USTAR,USTAR_QC,NETRAD,NETRAD_QC,PPFD_IN,PPFD_IN_QC,PPFD_OUT,PPFD_OUT_QC,SW_DIF,SW_DIF_QC,SW_OUT,SW_OUT_QC,LW_OUT,LW_OUT_QC,CO2_F_MDS,CO2_F_MDS_QC,TS_F_MDS_1,TS_F_MDS_2,TS_F_MDS_3,TS_F_MDS_4,TS_F_MDS_5,TS_F_MDS_6,TS_F_MDS_7,TS_F_MDS_8,TS_F_MDS_9,TS_F_MDS_1_QC,TS_F_MDS_2_QC,TS_F_MDS_3_QC,TS_F_MDS_4_QC,TS_F_MDS_5_QC,TS_F_MDS_6_QC,TS_F_MDS_7_QC,TS_F_MDS_8_QC,TS_F_MDS_9_QC,SWC_F_MDS_1,SWC_F_MDS_2,SWC_F_MDS_3,SWC_F_MDS_4,SWC_F_MDS_5,SWC_F_MDS_6,SWC_F_MDS_7,SWC_F_MDS_1_QC,SWC_F_MDS_2_QC,SWC_F_MDS_3_QC,SWC_F_MDS_4_QC,SWC_F_MDS_5_QC,SWC_F_MDS_6_QC,SWC_F_MDS_7_QC,G_F_MDS,G_F_MDS_QC,LE_F_MDS,LE_F_MDS_QC,LE_CORR,LE_RANDUNC,H_F_MDS,H_F_MDS_QC,H_CORR,H_RANDUNC,NEE_VUT_REF,NEE_VUT_REF_QC,NEE_VUT_REF_RANDUNC,NEE_VUT_25,NEE_VUT_50,NEE_VUT_75,NEE_VUT_25_QC,NEE_VUT_50_QC,NEE_VUT_75_QC,RECO_NT_VUT_REF,RECO_NT_VUT_25,RECO_NT_VUT_50,RECO_NT_VUT_75,GPP_NT_VUT_REF,GPP_NT_VUT_25,GPP_NT_VUT_50,GPP_NT_VUT_75,RECO_DT_VUT_REF,RECO_DT_VUT_25,RECO_DT_VUT_50,RECO_DT_VUT_75,GPP_DT_VUT_REF,GPP_DT_VUT_25,GPP_DT_VUT_50,GPP_DT_VUT_75,RECO_SR,RECO_SR_N
201701,12.761,0.0,231.297,116.588,0.0,328.476,0.0,3.766,0.0,101.544,0.0,3.66,0.0,2.457,0.0,-9999,-9999,-9999,-9999,-9999,-9999,-9999,-9999,-9999,-9999,-9999,-9999,-9999,-9999,-9999,-9999,-9999,-9999,-9999,-9999,-9999,-9999,-9999,-9999,-9999,-9999,-9999,-9999,-9999,-9999,-9999,-9999,-9999,-9999,-9999,-9999,-9999,-9999,-9999,-9999,-9999,-9999,-9999,-9999,-9999,-9999,-9999,-9999,-9999,-9999,25.3155,0.0,33.423,-9999,53.2499,0.0,70.3037,-9999,3.6771,0.0,-9999,3.6771,3.67745,3.85691,0.0,0.0,0.0,2.64752,2.63759,2.64697,2.65123,-1.04082,-1.21235,-1.04026,-1.02009,3.05337,3.00069,3.05337,3.08261,0.239141,0.200456,0.220642,0.232957,-9999,-9999
201702,14.235,0.0,287.337,132.874,0.00818452,337.09,0.00818452,4.597,0.0,101.452,0.0,3.216,0.00744048,2.277,0.00744048,-9999,-9999,-9999,-9999,-9999,-9999,-9999,-9999,-9999,-9999,-9999,-9999,-9999,-9999,-9999,-9999,-9999,-9999,-9999,-9999,-9999,-9999,-9999,-9999,-9999,-9999,-9999,-9999,-9999,-9999,-9999,-9999,-9999,-9999,-9999,-9999,-9999,-9999,-9999,-9999,-9999,-9999,-9999,-9999,-9999,-9999,-9999,-9999,-9999,-9999,25.3287,0.0,32.3886,-9999,53.0365,0.0,67.8196,-9999,3.6717,0.0,-9999,3.6717,3.67187,3.85231,0.0,0.0,0.0,2.82356,2.81464,2.82318,2.82995,-0.860341,-1.03202,-0.858064,-0.841757,3.22908,3.17439,3.22908,3.26005,0.260429,0.218015,0.240066,0.253935,-9999,-9999
201703,15.717,0.0,359.271,187.095,0.994624,341.244,0.994624,5.894,0.0,101.868,0.0,3.435,1.0,2.626,0.961694,0.49450565920712225,0.9583333333333334,104.22556043206188,0.989247311827957,-9999,-9999,-9999,-9999,76.78087095342237,0.9905913978494625,20.560608120117244,0.9905913978494625,399.87714914047973,0.9905913978494625,-9999,-9999,-9999,-9999,-9999,-9999,-9999,-9999,-9999,-9999,-9999,-9999,-9999,-9999,-9999,-9999,-9999,-9999,-9999,-9999,-9999,-9999,-9999,-9999,-9999,-9999,-9999,-9999,-9999,-9999,-9999,-9999,-9999,-9999,6.56904,0.0,23.9839,0.0,31.6651,-9999,36.5806,0.0,48.2959,-9999,4.9832,0.0,-9999,4.10043,4.9832,5.1115,0.0,0.0,0.0,3.05663,3.04962,3.05663,3.06025,-1.93649,-2.05125,-1.93416,-1.92553,3.43055,3.37454,3.43055,3.46354,0.307115,0.254261,0.280954,0.301783,-9999,-9999
201704,20.402,0.0,424.226,255.127,0.996528,356.79,0.995833,8.552,0.0,101.265,0.0,4.627,1.0,2.321,0.959028,0.42209870836934993,0.9562500000000002,153.88488972616236,0.9909722222222221,-9999,-9999,-9999,-9999,81.81539351851852,0.9916666666666667,37.35353472222222,0.9916666666666667,422.02710648148144,0.9916666666666667,428.097,0.750694,-9999,-9999,-9999,-9999,-9999,-9999,-9999,-9999,-9999,-9999,-9999,-9999,-9999,-9999,-9999,-9999,-9999,-9999,-9999,-9999,-9999,-9999,-9999,-9999,-9999,-9999,-9999,-9999,-9999,-9999,-9999,-9999,6.37552,0.0,24.2252,0.254861,30.2016,-9999,42.4951,0.653472,52.9787,-9999,4.99126,0.00277778,-9999,3.91709,4.99126,5.15832,0.238194,0.00277778,0.000694444,3.76207,3.73185,3.76207,3.77721,-1.23788,-1.35617,-1.23966,-1.22,4.05433,3.99375,4.06192,4.11046,0.358382,0.293259,0.327794,0.35485,-9999,-9999
201705,22.147,0.0255376,465.762,252.029,0.763441,374.071,0.760081,8.851,0.0255376,101.053,0.40457,2.762,1.0,2.078,0.722446,0.37145493174581057,0.6901881720430108,160.34429832063958,0.7412634408602151,-9999,-9999,-9999,-9999,84.26667158184475,0.7244623655913979,37.113494003842845,0.7419354838709679,427.1782636953489,0.7412634408602151,426.857,0.757392,-9999,-9999,-9999,-9999,-9999,-9999,-9999,-9999,-9999,-9999,-9999,-9999,-9999,-9999,-9999,-9999,-9999,-9999,-9999,-9999,-9999,-9999,-9999,-9999,-9999,-9999,-9999,-9999,-9999,-9999,-9999,-9999,6.5234,0.0241935,29.5779,0.139113,36.8749,-9999,18.4923,0.75336,23.0544,0.665803,4.64185,0.138441,-9999,4.6233,4.64185,4.81541,0.138441,0.138441,0.138441,4.04241,3.99964,4.04304,4.06153,-0.607319,-0.718644,-0.609841,-0.594018,4.29241,4.23043,4.30111,4.36339,0.373091,0.306625,0.341011,0.368321,-9999,-9999
201706,24.384,0.993056,481.644,231.875,0.99375,407.705,0.993056,6.233,0.992361,101.063,0.979167,12.273,1.0,1.888,0.913889,0.33842559310968534,0.8972222222222224,166.02616797046548,0.9847222222222222,-9999,-9999,-9999,-9999,99.19684424164922,0.5625,32.01430663976724,0.9847222222222222,444.04251152832677,0.9847222222222222,424.541,0.989583,23.368,23.169,22.907,22.54,21.779,21.104,20.058,19.309,19.959,0.961111,0.961111,0.961111,0.961111,0.961111,0.961111,0.961111,0.927778,0.961111,-9999,-9999,-9999,-9999,-9999,-9999,-9999,-9999,-9999,-9999,-9999,-9999,-9999,-9999,5.6135,0.952083,30.8489,0.0,38.7082,-9999,17.8243,0.938194,22.3654,0.54766,5.03176,0.0,-9999,5.03176,5.04181,5.19218,0.0,0.0,0.0,4.39781,4.33981,4.40124,4.42178,-0.640578,-0.769655,-0.691959,-0.631027,4.59751,4.53361,4.60682,4.68692,0.349332,0.288405,0.319095,0.343998,-9999,-9999
201707,27.26,1.0,473.013,273.838,1.0,416.624,1.0,8.824,1.0,101.258,0.987903,2.09,1.0,1.578,0.997312,0.26493901409502396,0.9926075268817205,195.92310828088117,0.9952956989247311,-9999,-9999,-9999,-9999,93.11532258064517,1.0,33.73009998688696,0.9952956989247311,460.0070728429059,0.9952956989247311,430.473,1.0,24.538,24.217,23.728,23.201,22.286,21.572,20.486,19.577,20.128,0.0369624,0.0369624,0.0356183,0.0369624,0.0356183,0.0356183,0.0356183,0.0,0.0369624,-9999,-9999,-9999,-9999,-9999,-9999,-9999,-9999,-9999,-9999,-9999,-9999,-9999,-9999,11.017,0.0349462,31.3436,0.0,39.1002,-9999,19.8251,0.0376344,24.7312,0.9982,4.86385,0.0,-9999,4.86385,4.87398,5.04016,0.0,0.0,0.0,4.88967,4.806,4.89462,4.92166,0.0190306,-0.121839,-0.0578446,0.0352193,4.99681,4.93115,5.00692,5.10022,0.387326,0.317006,0.354247,0.3834,-9999,-9999
201708,25.938,0.997984,439.811,211.081,0.999328,421.291,0.997984,7.035,0.997984,101.135,0.975806,5.541,1.0,1.594,0.946237,0.2764005891543936,0.9415322580645161,162.21565201349352,0.9784946236559141,479.2488280409031,0.967741935483871,13.783295811248125,0.9670698924731184,95.33068130477996,0.9784946236559141,25.152987297069366,0.9784946236559141,454.309636193187,0.9784946236559141,430.262,0.824597,24.073,23.792,23.384,22.918,22.088,21.429,20.47,19.614,20.17,0.0,0.0,0.0,0.0,0.0,0.0,0.0,0.0,0.0,-9999,-9999,-9999,-9999,-9999,-9999,-9999,-9999,-9999,-9999,-9999,-9999,-9999,-9999,9.07363,0.0,26.8195,0.0,33.1816,-9999,10.4081,0.249328,12.8771,1.01915,4.12496,0.0,-9999,4.12496,4.13564,4.2121,0.0,0.0,0.0,4.661,4.58964,4.66522,4.68915,0.529577,0.436045,0.46468,0.542184,4.81304,4.74812,4.82279,4.91253,0.337696,0.279201,0.308656,0.332097,-9999,-9999
201709,23.733,1.0,384.246,230.256,1.0,385.263,1.0,8.813,1.0,101.109,0.990972,2.227,1.0,1.677,0.970833,0.2555175553436897,0.945138888888889,153.72502083333336,1.0,485.4205833333333,1.0,14.75508333333333,1.0,65.14708333333333,1.0,23.52678472222222,1.0,439.27020833333336,1.0,427.11,0.990972,19.213,18.894,18.636,18.533,18.58,18.783,19.735,19.427,20.384,0.0,0.0,0.0,0.0,0.0,0.0,0.0,0.0,0.0,-9999,-9999,-9999,-9999,-9999,-9999,-9999,-9999,-9999,-9999,-9999,-9999,-9999,-9999,4.97817,0.0,27.9875,0.0,34.3876,-9999,19.0217,0.925694,23.3716,0.478792,3.47453,0.0,-9999,3.45752,3.47453,3.48557,0.0,0.0,0.0,4.29921,4.24475,4.30222,4.32203,0.816861,0.767047,0.813646,0.844697,4.50949,4.44624,4.51862,4.59419,0.340647,0.279162,0.311487,0.336873,-9999,-9999
201710,19.314,1.0,313.703,178.595,1.0,353.997,1.0,6.64,1.0,101.374,0.987903,2.949,1.0,2.42,0.961022,0.37936010413084226,0.9435483870967741,101.02553577556623,0.9952956989247311,389.640301724138,0.9354838709677419,13.250043103448277,0.9354838709677419,51.111670057521984,0.9952956989247311,18.757616882374087,0.9952956989247311,414.0845532241723,0.9952956989247311,419.052,0.397177,17.934,17.77,17.801,17.949,18.308,18.648,19.657,17.091,20.304,0.0759409,0.0759409,0.0759409,0.0759409,0.0759409,0.0759409,0.0759409,0.0,0.0759409,-9999,-9999,-9999,-9999,-9999,-9999,-9999,-9999,-9999,-9999,-9999,-9999,-9999,-9999,-9999,-9999,26.3466,0.0,32.3161,-9999,21.4537,0.201613,26.3147,0.669635,3.16497,0.0,-9999,3.15181,3.16497,3.18436,0.0,0.0,0.0,3.60214,3.57766,3.60214,3.61543,0.419222,0.400057,0.41778,0.447368,3.91097,3.85152,3.91517,3.95964,0.298797,0.246854,0.272983,0.293883,-9999,-9999
201711,14.262,1.0,248.105,132.313,1.0,324.544,1.0,4.613,1.0,101.583,0.988194,1.289,1.0,1.881,0.990972,0.3084178457713216,0.9868055555555557,57.35614479905438,0.9993055555555554,277.32233747044916,0.9993055555555554,12.189663563829788,0.9993055555555554,44.17556442080379,0.9993055555555554,14.334432476359337,0.9993055555555554,385.68009456264787,0.9993055555555554,423.836,0.0,15.153,15.295,15.848,16.406,17.273,17.874,19.063,16.539,19.847,0.991667,0.991667,0.991667,0.991667,0.991667,0.991667,0.991667,0.0,0.991667,-9999,-9999,-9999,-9999,-9999,-9999,-9999,-9999,-9999,-9999,-9999,-9999,-9999,-9999,-9999,-9999,24.1223,0.479861,30.846,0.521943,27.0596,0.643056,34.602,0.548503,2.70307,0.0,-9999,2.69943,2.70307,2.71232,0.0,0.0,0.0,2.83782,2.82926,2.83782,2.84271,0.12521,0.108121,0.125497,0.132762,3.23659,3.18202,3.23659,3.26764,0.257777,0.215156,0.237149,0.251813,-9999,-9999
201712,8.511,1.0,214.906,77.775,1.0,320.791,1.0,2.876,0.997984,101.772,0.995296,3.322,1.0,2.069,0.837366,0.37507365972008777,0.7997311827956989,32.48744065340071,0.9946236559139785,167.19772704308005,0.9946236559139785,-9999,-9999,34.663390234218284,0.9959677419354839,8.274111302590526,0.9959677419354839,357.68425374421,0.9959677419354839,424.997,0.724462,11.021,11.286,12.062,12.817,13.961,14.785,16.511,16.772,18.129,0.998656,0.998656,0.998656,0.998656,0.998656,0.998656,0.998656,0.122984,0.998656,-9999,-9999,-9999,-9999,-9999,-9999,-9999,-9999,-9999,-9999,-9999,-9999,-9999,-9999,-9999,-9999,17.2631,0.993952,22.7917,0.2725,15.5396,0.991263,20.5164,0.503024,2.07571,0.50672,0.0491154,2.07267,2.07793,2.0932,0.50672,0.50672,0.50672,2.09158,2.06583,2.08107,2.09158,-0.00258265,-0.0160344,0.00170457,0.00492509,2.35943,2.32169,2.34343,2.37674,0.159893,0.140836,0.148886,0.15357,-9999,-9999
201801,5.607,1.0,231.297,122.085,1.0,281.987,1.0,3.871,1.0,102.18,0.99328,2.69,1.0,2.659,0.961022,0.4431925366927569,0.9455645161290323,47.039130454262114,0.9966397849462366,250.69529445223625,0.9966397849462366,-9999,-9999,35.02473254636122,0.9966397849462366,13.132397498831226,0.9966397849462366,342.59225241545886,0.9966397849462366,420.586,0.985887,7.618,7.891,8.699,9.505,10.829,11.823,13.914,16.128,17.549,0.99664,0.99664,0.99664,0.99664,0.99664,0.995968,0.99664,0.99664,0.175403,-9999,-9999,-9999,-9999,-9999,-9999,-9999,-9999,-9999,-9999,-9999,-9999,-9999,-9999,-9999,-9999,14.3233,0.988575,18.9105,0.331506,34.93,0.998656,46.1167,0.669299,1.5613,0.614919,0.0214343,1.33104,1.42774,1.53248,0.605511,0.623656,0.614919,1.90355,1.59931,1.7187,1.90271,0.384509,0.257306,0.290962,0.345016,1.05398,1.05398,1.07835,1.09867,0.248327,0.253617,0.255743,0.265467,-9999,-9999
201802,14.997,1.0,287.337,110.796,1.0,359.21,1.0,4.185,1.0,101.838,0.927083,7.409,1.0,2.514,0.921875,0.45853482086238456,0.9203869047619048,66.93011436032553,0.9955357142857143,238.65884672619046,0.9977678571428571,-9999,-9999,57.40549603174603,0.9977678571428571,10.98319972826087,0.9985119047619048,393.2238677536232,0.9985119047619048,423.46,0.96503,14.455,14.266,14.131,13.989,13.811,13.649,13.907,14.834,17.602,0.845982,0.845982,0.845982,0.844494,0.845238,0.846726,0.846726,0.845238,0.0,-9999,-9999,-9999,-9999,-9999,-9999,-9999,-9999,-9999,-9999,-9999,-9999,-9999,-9999,-9999,-9999,17.3495,0.991815,22.9058,0.489638,23.594,0.997768,31.1502,0.840506,2.13693,0.230655,-9999,2.04753,2.08675,2.12312,0.230655,0.230655,0.230655,2.67991,2.45783,2.55657,2.68336,0.566786,0.419437,0.477231,0.547556,1.70814,1.70814,1.72863,1.76085,0.221881,0.241236,0.250818,0.263536,-9999,-9999
201803,14.417,1.0,359.271,186.215,0.995296,327.256,1.0,6.026,0.78629,101.391,0.81922,3.241,1.0,2.728,0.924731,0.5259336937804813,0.8951612903225807,101.11893845801875,0.9993279569892474,379.3024127773965,0.9993279569892473,-9999,-9999,65.91700268817205,1.0,20.05001344086022,1.0,390.9276881720431,1.0,423.251,0.991263,14.981,14.908,15.007,15.052,15.024,14.947,15.189,15.561,17.332,0.985215,0.985215,0.985215,0.985215,0.985215,0.985215,0.985215,0.985215,0.0,-9999,-9999,-9999,-9999,-9999,-9999,-9999,-9999,-9999,-9999,-9999,-9999,-9999,-9999,7.16963,0.0,37.2093,0.999328,45.2722,0.626149,56.7247,0.999328,69.0164,0.902209,2.34337,0.355511,-9999,2.17106,2.34337,2.4241,0.354839,0.355511,0.355511,3.52493,3.49179,3.53334,3.55955,1.31791,1.09267,1.19055,1.35708,2.31918,2.23335,2.32061,2.40086,0.965497,0.903219,0.980418,1.04718,-9999,-9999
201804,16.281,1.0,424.226,247.513,0.998611,332.577,1.0,7.152,0.23125,101.252,0.994444,0.0,1.0,2.46,0.938194,0.4823047546481636,0.9187499999999998,142.7824945652174,0.9986111111111111,503.90653442028986,0.9986111111111111,-9999,-9999,76.01481582125602,0.9986111111111111,36.62451902173913,0.9986111111111111,399.29023248792265,0.9986111111111111,423.235,0.995139,16.271,16.156,16.194,16.166,16.04,15.884,15.92,16.013,17.286,0.974306,0.974306,0.974306,0.974306,0.974306,0.974306,0.974306,0.974306,0.0,-9999,-9999,-9999,-9999,-9999,-9999,-9999,-9999,-9999,-9999,-9999,-9999,-9999,-9999,6.06665,0.0,77.6758,1.0,94.5075,1.65974,47.55,1.0,57.8537,0.966394,2.57612,0.0,-9999,2.3531,2.57612,2.67676,0.0,0.0,0.0,4.41377,4.28648,4.29842,4.42,1.93396,1.59809,1.7117,2.06664,3.15641,2.88007,3.04059,3.22462,3.56397,3.17392,3.64393,3.83497,-9999,-9999
201805,23.913,1.0,465.762,262.973,1.0,390.91,1.0,9.159,1.0,101.122,0.991263,4.051,1.0,1.722,0.965726,0.2896385308085575,0.9610215053763442,173.9695661747884,0.9993279569892474,546.305523024778,0.9986559139784946,-9999,-9999,97.66115591397849,1.0,38.75625,1.0,441.1702284946236,1.0,447.174,0.612903,21.241,20.882,20.437,19.929,18.976,18.189,17.289,16.629,17.287,0.997984,0.997984,0.997984,0.997984,0.997984,0.997984,0.997984,0.997984,0.0,-9999,-9999,-9999,-9999,-9999,-9999,-9999,-9999,-9999,-9999,-9999,-9999,-9999,-9999,5.85676,0.0,103.158,0.991935,128.607,1.39027,26.3005,0.997312,32.7889,0.551532,-3.10742,0.0,-9999,-3.28034,-3.10742,-2.69021,0.0,0.0,0.0,6.03152,5.72148,5.7668,6.03152,8.90607,8.7447,8.87772,9.03339,5.68005,4.66673,5.0547,5.73781,5.90493,5.10263,6.03084,6.4091,-9999,-9999
201806,26.443,1.0,481.644,279.969,0.965278,410.405,0.963889,9.372,1.0,101.12,0.984028,0.0,1.0,1.68,0.973611,0.2936413961892378,0.9652777777777779,197.95450148809522,0.9333333333333333,585.3901413690476,0.9333333333333333,16.20251736111111,0.8,100.12715773809524,0.9333333333333333,37.17715029761905,0.9333333333333333,456.0449404761904,0.9333333333333333,431.277,0.215972,24.345,24.02,23.632,23.142,22.181,21.29,19.914,18.315,17.286,0.979861,0.979861,0.979861,0.979861,0.979861,0.979861,0.980556,0.980556,0.0,-9999,-9999,-9999,-9999,-9999,-9999,-9999,-9999,-9999,-9999,-9999,-9999,-9999,-9999,8.26066,0.894444,139.806,0.927083,174.297,1.46405,17.6299,0.942361,21.9793,0.490544,-6.77394,0.13125,0.42876,-7.06015,-6.79011,-6.48593,0.140278,0.131944,0.13125,7.13683,6.65424,6.73762,7.13683,13.5658,13.4079,13.5658,13.7404,7.35665,5.71124,6.30617,7.4267,8.82905,7.55535,9.00486,9.57959,-9999,-9999
201807,26.611,0.997312,473.013,265.279,0.997312,409.02,0.997312,8.521,0.997312,101.427,0.988575,0.0,1.0,1.568,0.975806,0.2696504183707943,0.9737903225806449,189.45108991736572,0.9939516129032256,554.0877937950395,0.9939516129032256,15.722860999340742,0.9939516129032256,98.50106447066311,0.9939516129032256,32.23090940348724,0.9939516129032256,451.4501925197208,0.9939516129032256,425.811,0.981855,25.272,25.018,24.797,24.41,23.624,22.845,21.485,19.707,15.172,0.998656,0.998656,0.997984,0.998656,0.997984,0.997984,0.998656,0.997984,0.0,-9999,-9999,-9999,-9999,-9999,-9999,-9999,-9999,-9999,-9999,-9999,-9999,-9999,-9999,5.20026,0.995296,130.465,0.995296,164.755,1.44171,17.1232,0.997312,21.6237,0.517194,-4.5506,0.698925,0.174475,-4.91292,-4.59333,-4.52811,0.700269,0.698925,0.698925,8.89831,8.21906,8.74382,8.88441,13.4029,13.1225,13.3513,13.443,8.29531,6.13142,6.91524,8.40486,11.1066,9.58817,11.3184,12.0172,-9999,-9999
201808,26.01,0.997312,439.811,228.399,0.997312,404.933,0.997312,7.812,0.997312,101.583,0.993952,0.0,1.0,1.707,0.977823,0.28311146848299673,0.9711021505376345,162.74621927803378,0.9959677419354839,488.3241234639017,0.9959677419354839,14.601045506912442,0.9959677419354839,108.24211789554535,0.9959677419354839,26.913214285714286,0.9959677419354839,447.7035426267281,0.9959677419354839,426.85,0.93414,24.881,24.668,24.557,24.266,23.702,23.137,22.007,20.504,14.334,1.0,1.0,1.0,1.0,1.0,1.0,1.0,1.0,0.0,-9999,-9999,-9999,-9999,-9999,-9999,-9999,-9999,-9999,-9999,-9999,-9999,-9999,-9999,3.9501,0.999328,117.868,0.992608,145.317,1.23301,11.7071,0.995296,14.4335,0.467854,-3.06599,0.955645,0.13266,-3.24598,-3.15257,-3.0786,0.956989,0.932124,0.955645,8.41344,8.23358,8.37452,8.50449,11.5875,11.4535,11.5271,11.5791,10.0193,9.08377,9.7132,10.0549,12.3665,11.93,12.4692,12.6853,-9999,-9999
201809,25.72,1.0,384.246,198.393,0.999306,406.506,1.0,7.707,1.0,101.432,0.975,0.915,1.0,1.675,0.684722,0.25552787831510376,0.673611111111111,141.93550162529547,0.9993055555555554,429.0112152777779,1.0,14.032319444444445,1.0,76.6428291062802,0.9986111111111112,21.270437500000003,1.0,446.2856249999999,1.0,438.74,0.881944,24.897,24.696,24.623,24.353,23.86,24.678,22.333,20.97,14.332,0.988194,0.988194,0.988194,0.988194,0.988194,0.78125,0.988194,0.988194,0.0,27.571,20.626,19.829,19.63,9.003,14.764,-9999,0.761806,0.773611,0.681944,0.759028,0.554167,0.759722,-9999,2.96354,0.999306,97.0747,0.977083,118.038,1.3117,15.5443,0.969444,18.9011,0.455552,0.919196,0.900694,0.166796,0.743821,0.826117,0.873457,0.901389,0.901389,0.908333,7.645,7.645,7.90641,7.98476,7.00682,6.89541,7.03859,7.15108,9.92978,9.9494,10.3716,10.9157,8.06873,8.06873,8.59908,8.70831,-9999,-9999
201810,20.231,1.0,313.703,161.564,1.0,364.931,1.0,6.537,1.0,101.61,0.980511,0.547,1.0,1.942,0.968414,0.32693010790767946,0.9663978494623656,97.66247399485741,0.9979838709677419,341.29761424731186,1.0,12.0733064516129,1.0,56.98941603752002,0.9993279569892473,17.148252688172043,1.0,414.2594758064515,1.0,428.042,0.986559,20.336,20.351,20.776,20.998,21.406,27.36,21.67,21.105,14.336,1.0,1.0,1.0,1.0,1.0,0.0,1.0,1.0,0.0,23.093,17.187,16.394,16.408,8.878,14.183,15.846,0.985887,0.991263,0.84207,0.985215,0.0,0.980511,0.97043,-4.8708,0.993952,71.0409,0.995968,87.8924,0.836654,11.743,0.998656,14.5285,0.511953,0.0961817,0.946909,0.0904158,0.0946594,0.158739,0.194164,0.94422,0.948253,0.950269,5.36579,5.33739,5.37712,5.53027,5.23171,5.2038,5.24184,5.33471,4.97758,4.20388,4.81847,5.17769,4.66739,4.63941,4.85663,4.99493,-9999,-9999
201811,10.639,1.0,248.105,97.826,1.0,325.403,1.0,3.069,1.0,101.756,1.0,5.886,1.0,2.126,0.870139,0.38615084030005203,0.8479166666666667,48.517944444444446,1.0,200.72888888888895,1.0,9.224833333333331,1.0,38.822638888888896,1.0,11.128722222222219,1.0,365.08611111111117,1.0,423.941,0.980556,13.263,13.508,14.349,15.014,16.205,29.927,18.579,19.611,14.089,0.998611,0.998611,0.998611,0.998611,0.998611,0.0,0.998611,0.998611,0.0,33.798,23.281,20.175,19.882,8.83,14.972,13.649,0.991667,0.966667,0.982639,0.986806,0.0,0.952778,0.478472,-11.0438,0.990972,22.6991,0.999306,29.0261,0.376478,14.959,0.999306,19.1286,0.507778,1.8022,0.659028,0.0702423,1.75582,1.76868,1.80165,0.661111,0.657639,0.659028,2.9635,2.94322,2.9635,3.00371,1.2088,1.17172,1.1863,1.20659,3.22315,2.9424,3.06521,3.14829,2.38416,1.87608,2.16589,2.31766,-9999,-9999
201812,10.129,1.0,214.906,80.659,1.0,323.88,1.0,3.332,1.0,101.713,1.0,10.169,1.0,2.471,0.819892,0.42250315228088914,0.7768817204301076,34.15463166323496,0.9993279569892473,162.9512365591398,1.0,9.156485215053761,1.0,37.57405913978494,1.0,8.927531600320295,0.9993279569892473,362.1905241935484,1.0,423.671,0.994624,11.332,11.435,12.004,12.402,13.16,15.846,15.098,16.641,14.071,0.998656,0.998656,0.998656,0.998656,0.998656,0.0,0.998656,0.998656,0.0,35.686,26.077,22.079,23.701,8.922,19.136,13.646,0.985887,0.971102,0.986559,0.96371,0.0,0.0591398,0.0,-6.74509,0.991263,17.414,0.994624,22.991,0.356607,12.7534,0.995968,16.8379,0.52351,2.53327,0.976478,0.0755286,2.5145,2.53327,2.54225,0.976478,0.976478,0.97379,2.59363,2.57923,2.59363,2.60695,0.0652833,0.0443167,0.0733632,0.10673,1.3806,1.3505,1.37265,1.48992,0.138398,0.142737,0.14837,0.161748,-9999,-9999
201901,8.391,1.0,231.297,104.697,1.0,307.983,1.0,3.572,1.0,101.958,1.0,4.071,1.0,2.481,0.898522,0.4232655174659167,0.851478494623656,48.13053091397849,1.0,207.66848994857415,0.9986559139784947,12.989335846189807,0.9986559139784947,35.2391129032258,1.0,10.646989247311826,1.0,355.0656586021505,1.0,423.275,0.786962,11.135,11.586,11.851,11.915,12.15,12.93,12.925,15.656,13.809,0.807124,0.807124,0.807124,0.807124,0.807124,0.0,0.807124,0.102823,0.706317,34.812,22.869,19.211,24.089,8.957,18.702,13.606,0.523522,0.481855,0.469758,0.0793011,0.0,0.0,0.0,-5.46054,0.790323,20.8509,0.976478,27.5286,0.50278,23.3574,0.979167,30.8379,0.648362,4.16736,0.762769,0.0943475,4.10014,4.14552,4.22383,0.762769,0.762769,0.762769,4.29159,3.84496,4.21417,4.43801,0.157105,-0.246738,0.0686461,0.214179,6.45849,6.42,6.45851,6.4775,0.567572,0.548601,0.566469,0.566948,-9999,-9999
201902,14.158,1.0,287.337,103.522,1.0,352.637,1.0,4.487,1.0,101.771,0.994048,6.805,1.0,2.548,0.852679,0.4863106599979457,0.8340773809523808,65.17144107776089,0.9992559523809523,212.93715029761907,1.0,12.881971726190475,1.0,60.17247023809524,1.0,9.93242812816616,0.9992559523809523,383.40892857142853,1.0,422.853,0.0,13.038,12.752,12.633,12.445,12.275,12.932,12.425,15.624,13.081,0.938244,0.938244,0.938244,0.938244,0.938244,0.498512,0.951637,0.0,0.951637,34.663,22.189,18.598,23.799,11.788,19.848,13.588,0.0,0.0,0.0,0.0,0.0,0.0,0.0,2.32415,0.993304,28.2002,0.947173,32.9542,0.480775,14.1319,0.943452,16.5143,0.531104,5.06473,0.0,0.249029,4.89706,5.00406,5.14038,0.0,0.0,0.0,6.23025,5.28319,5.85214,6.52681,1.12085,0.386133,0.848075,1.38643,9.29345,9.27019,9.29345,9.30915,1.77218,1.76914,1.77043,1.79675,-9999,-9999
201903,13.557,1.0,359.271,180.113,0.998656,326.459,1.0,6.462,1.0,101.948,0.989919,1.947,1.0,2.456,0.977151,0.4814260033817056,0.973790322580645,107.30113575268818,1.0,363.0147916666666,1.0,21.51186155913979,1.0,75.82748655913977,1.0,19.217130376344087,1.0,383.1941532258065,1.0,426.956,0.0604839,13.473,13.229,13.229,13.112,12.986,13.583,13.061,15.394,13.508,0.0127688,0.0127688,0.0127688,0.0127688,0.0127688,0.047043,0.0127688,0.0,0.0127688,34.465,21.057,18.247,24.392,12.363,23.093,13.588,0.0,0.0,0.0,0.0,0.0,0.0,0.0,1.09604,0.965054,49.4685,0.129032,62.8848,0.529988,27.6653,0.129032,35.1683,0.506835,2.89409,0.0,-9999,2.77256,2.85091,3.02636,0.0,0.0,0.0,5.12788,4.56483,4.8895,5.33626,2.22102,1.80436,2.03858,2.3099,9.30474,9.28458,9.30474,9.38525,5.25365,5.24536,5.24775,5.31304,-9999,-9999
201904,18.404,1.0,424.226,225.725,0.997222,347.855,1.0,8.145,0.999306,101.379,0.945139,8.114,1.0,2.267,0.942361,0.425406130138528,0.9395833333333334,140.11823300185011,0.9979166666666668,459.11251403664306,0.9993055555555556,21.922946365248222,0.9993055555555556,84.28798906619387,0.9993055555555556,33.56289657210402,0.9993055555555556,405.0902616533046,0.9979166666666668,425.63,0.860417,18.949,18.559,18.42,18.103,17.546,18.457,16.411,15.995,15.874,0.0,0.0,0.0,0.0,0.0,0.0,0.0,0.0,0.0,25.249,17.82,14.463,26.623,12.318,25.043,15.578,0.0,0.0,0.0,0.0,0.0,0.0,0.0,5.83405,0.575694,98.1063,0.0,113.629,-9999,22.4013,0.0,25.9456,-9999,-3.76808,0.0,-9999,-3.79108,-3.7563,-3.58343,0.0,0.0,0.0,5.05114,4.85897,5.02941,5.21049,8.76084,8.60635,8.65299,8.95352,10.0416,10.0232,10.0416,10.1986,9.00939,8.99035,8.99084,9.09925,-9999,-9999
201905,24.021,0.946909,465.762,263.426,0.950269,380.998,0.946909,10.167,0.946909,101.207,0.0,2.558,1.0,1.876,0.829973,0.30109338349664605,0.8104838709677419,175.03060585106385,0.9193548387096773,521.68813483835,0.7116935483870966,21.750274470457082,0.7116935483870966,93.12966377899431,0.9200268817204301,39.53138531425777,0.9193548387096773,435.1793519809243,0.9193548387096773,424.743,0.0584677,23.435,22.834,22.399,21.763,20.659,21.222,18.614,21.975,17.435,0.477151,0.477151,0.477151,0.477151,0.477151,0.47379,0.477151,0.0,0.477151,20.216,16.458,12.895,26.349,12.204,24.727,31.727,0.0,0.0,0.0,0.0,0.0,0.0,0.0,10.3774,0.53629,133.247,0.0577957,155.71,1.81773,14.7687,0.0591398,17.2584,0.844334,-4.92303,0.0409946,0.29727,-4.96425,-4.92303,-4.7046,0.0389785,0.0409946,0.0456989,4.68734,4.66834,5.20778,5.24139,9.57123,9.63788,9.95466,10.1207,10.8207,10.8045,10.8207,11.0641,13.1973,13.1555,13.1561,13.3128,-9999,-9999
201906,25.869,1.0,481.644,271.421,1.0,404.373,1.0,9.754,1.0,101.137,0.61875,2.877,1.0,1.881,0.899306,0.34290643709697516,0.8875,182.17406944444446,1.0,579.1750277777777,1.0,16.761736111111112,1.0,103.10472222222224,1.0,37.46186111111112,1.0,457.5652777777778,1.0,427.027,0.975,24.118,23.551,23.236,22.757,21.887,23.949,19.844,21.959,18.338,1.0,1.0,1.0,1.0,1.0,0.290278,1.0,0.0,1.0,20.059,16.348,12.875,26.192,12.133,24.536,31.727,0.302778,0.299306,0.276389,0.302083,0.283333,0.296528,0.0,5.61318,0.981944,146.283,0.713889,185.957,1.51035,10.3005,0.715972,13.0941,0.527142,-4.66144,0.550694,0.149737,-4.69778,-4.6663,-4.61422,0.551389,0.551389,0.551389,5.85544,5.66479,5.96109,6.10014,10.6225,10.3629,10.6225,10.8115,12.5336,12.4413,12.5303,12.6112,13.5252,13.4542,13.4945,13.5417,-9999,-9999
201907,26.833,1.0,473.013,260.538,1.0,415.048,1.0,9.738,1.0,101.311,0.988575,3.234,1.0,1.681,0.991263,0.28019933337496145,0.9825268817204302,181.08742249103943,0.9979838709677419,558.3604551971326,0.9979838709677419,16.018768817204304,0.9979838709677419,90.1354301075269,0.9979838709677419,32.655983422939066,0.9979838709677419,463.08026433691754,0.9979838709677419,431.339,0.995968,25.192,24.696,24.451,24.023,23.236,26.494,21.169,21.966,19.515,1.0,1.0,1.0,1.0,1.0,1.0,1.0,0.0,1.0,19.892,16.33,13.036,25.192,11.445,22.19,32.177,0.993952,0.990591,0.987231,0.987903,0.990591,0.924731,0.0,4.35494,0.997984,133.201,0.375,158.673,1.765,14.6173,0.400538,17.4125,0.572987,-3.60095,0.34543,0.350471,-4.20141,-3.14852,-2.57884,0.323925,0.379032,0.369624,10.9246,8.58815,11.0552,11.9038,14.7643,11.856,14.5132,14.7018,7.71206,7.16892,7.71987,7.94851,10.2584,9.80851,10.1262,10.2584,-9999,-9999
201908,26.884,0.998656,439.811,246.63,1.0,416.207,0.998656,9.932,0.998656,101.135,0.977151,3.556,1.0,1.548,0.974462,0.26421810602152124,0.9650537634408601,170.18411372475617,0.9919354838709677,524.0257679707312,0.9912634408602151,15.639459509187247,0.9912634408602151,81.88204144221903,0.9926075268817204,28.86079981957529,0.9926075268817204,464.6279237120692,0.9926075268817204,433.534,0.90457,25.415,24.937,24.714,24.338,23.647,26.973,21.75,21.956,20.267,0.998656,0.998656,0.998656,0.998656,0.998656,0.997984,0.998656,0.341398,0.998656,17.678,15.783,11.991,22.157,10.528,18.306,36.625,0.984543,0.991263,0.989247,0.965726,0.985215,0.97379,0.0,3.83404,0.989919,111.785,0.99664,133.161,1.30571,28.7402,0.995968,34.2361,0.547824,-3.55971,0.83871,0.13421,-3.62567,-3.49914,-3.46653,0.836022,0.834677,0.829973,5.60916,5.33157,5.41733,5.55252,8.89376,8.83393,8.85783,9.07325,5.5573,5.55734,7.07805,8.42841,10.1207,9.09871,9.90087,10.4589,-9999,-9999
201909,27.643,1.0,384.246,242.544,1.0,402.041,1.0,13.559,1.0,101.354,0.976389,0.0,1.0,1.696,0.997917,0.2515826794265186,0.9930555555555556,151.33103516548462,0.9993055555555554,504.4453149154589,0.9986111111111112,17.39973611111111,1.0,63.55444444444443,1.0,27.111430555555554,1.0,467.6421527777778,1.0,434.0,0.995833,25.426,24.877,24.576,24.206,23.606,26.904,22.043,22.133,20.742,1.0,1.0,1.0,1.0,1.0,1.0,1.0,1.0,1.0,14.293,14.298,11.409,20.847,10.064,16.84,36.66,0.989583,0.995139,0.995139,0.9625,0.990972,0.992361,0.0,3.6188,0.997222,92.9871,0.996528,101.791,1.07738,41.1929,0.997222,45.0931,0.692359,-1.16732,0.961111,0.110874,-1.25243,-1.16732,-0.890054,0.948611,0.961111,0.970139,5.53548,5.11188,5.31869,5.44736,6.4689,6.2976,6.4689,6.67064,4.10683,3.65066,3.95449,4.10487,5.18774,5.05923,5.19988,5.34851,-9999,-9999
201910,19.842,0.998656,313.703,131.368,1.0,379.842,1.0,6.98,0.998656,101.262,0.981855,9.009,1.0,1.952,0.946909,0.348216872620374,0.941532258064516,74.52434392470184,0.9905913978494624,283.3819025396647,0.9912634408602151,10.857430680878261,0.9912634408602151,62.47120244003309,0.9919354838709677,14.645470705817482,0.9919354838709677,423.9232668183071,0.9919354838709677,430.694,0.990591,21.502,21.191,21.311,21.263,21.204,24.666,20.918,21.052,20.644,1.0,1.0,1.0,1.0,1.0,1.0,1.0,1.0,1.0,18.679,16.282,12.253,19.404,12.172,17.172,36.522,0.99328,0.994624,0.983871,0.922715,0.971774,0.983199,0.435484,-4.53964,0.994624,44.256,0.983871,52.5403,0.746499,21.1381,0.975134,25.0949,0.519992,0.356733,0.962366,0.0954763,0.238217,0.335399,0.363439,0.975134,0.962366,0.958333,4.10815,3.83301,4.02738,4.09611,3.74795,3.59501,3.67231,3.71904,2.34802,2.16208,2.34802,2.47022,3.03116,2.80352,2.8709,2.92253,-9999,-9999
201911,11.309,0.998611,248.105,144.892,0.998611,306.095,0.998611,5.011,0.998611,101.687,0.992361,1.425,1.0,2.016,0.960417,0.349411739031102,0.9576388888888889,59.81138510101009,0.9972222222222221,300.33356207912465,0.9888888888888888,-9999,-9999,41.59184343434344,0.9972222222222221,16.297171717171718,0.9972222222222221,375.2715972222222,0.9972222222222221,428.963,0.995139,15.959,15.768,16.201,16.405,16.778,20.234,17.286,17.761,18.071,0.998611,0.998611,0.998611,0.998611,0.998611,0.998611,0.997222,0.998611,0.998611,26.093,21.201,16.878,19.488,19.78,26.404,-9999,0.9875,0.985417,0.963889,0.0118056,0.978472,0.195833,-9999,-9.54836,0.990278,30.1171,0.845139,36.199,0.529638,31.859,0.995139,38.2926,0.605173,1.04519,0.813194,0.0695392,1.00056,1.02072,1.04519,0.813889,0.815972,0.813194,2.33655,2.057,2.08386,2.35821,1.33479,1.03412,1.05008,1.35876,1.57299,1.47289,1.54883,1.57915,1.09725,1.09371,1.09986,1.11632,-9999,-9999
201912,11.305,0.998656,214.906,97.529,1.0,329.133,1.0,3.493,0.998656,101.577,0.721774,4.906,1.0,2.586,0.853495,0.42899448064349216,0.8131720430107527,41.04106328892006,0.9966397849462366,200.86801356836244,0.9959677419354839,-9999,-9999,36.98826534985196,0.9966397849462366,10.538675432445071,0.9966397849462366,376.12351235000784,0.9966397849462366,425.718,0.872984,14.533,14.344,14.73,14.893,15.209,18.574,15.7,16.165,16.544,0.802419,0.801075,0.801075,0.801075,0.802419,0.802419,0.801075,0.801075,0.801075,27.902,22.083,17.247,19.511,20.964,26.0,-9999,0.80914,0.795699,0.773522,0.0,0.751344,0.0,-9999,-5.78824,0.793011,15.2017,0.892473,18.4958,0.342443,21.29,0.99328,25.9034,0.528566,1.28317,0.74328,0.0428555,1.24928,1.2695,1.28317,0.739919,0.738575,0.74328,1.8838,1.77317,1.82356,1.8562,0.587476,0.528788,0.54773,0.581495,1.27938,1.28491,1.42706,2.15121,0.193012,0.178255,0.188794,0.881586,-9999,-9999
202001,11.115,0.994624,231.297,104.458,0.994624,324.232,0.994624,4.194,0.994624,101.841,0.935484,5.483,1.0,2.457,0.844086,0.43974523092074896,0.7728494623655915,42.729331269883744,0.9879032258064516,209.95797092585005,0.9858870967741935,-9999,-9999,38.51196631634409,0.9879032258064516,9.942733051033764,0.9879032258064516,376.3956985520961,0.9879032258064516,425.977,0.977823,12.554,12.394,12.768,12.961,13.314,15.052,13.881,14.775,14.804,0.475806,0.475806,0.475806,0.475806,0.475806,0.475806,0.475806,0.475806,0.475806,28.076,22.27,17.466,19.72,22.539,29.361,-9999,0.0,0.0,0.0,0.0,0.0,0.0,-9999,-3.61375,0.473118,22.1685,0.986559,26.9722,0.429679,20.1531,0.991263,24.5202,0.550923,1.2958,0.688844,0.0430959,1.21212,1.24093,1.25494,0.668683,0.666667,0.688172,1.61792,1.61433,1.74625,1.85449,0.329232,0.360354,0.457479,0.6041,0.404229,0.403933,0.42631,0.666881,0.117556,0.0507644,0.0566456,0.0920034,-9999,-9999
202002,11.504,0.502155,288.547,121.212,0.503592,327.955,0.502155,3.545,0.502155,101.64,0.494971,5.895,1.0,2.578,0.311063,-9999,-9999,-9999,-9999,-9999,-9999,-9999,-9999,-9999,-9999,-9999,-9999,-9999,-9999,426.159,0.479167,13.412,13.264,13.337,13.244,13.198,13.896,13.47,14.128,14.144,0.491379,0.491379,0.491379,0.491379,0.491379,0.398707,0.492098,0.398707,0.492098,29.341,23.231,17.851,19.738,23.068,30.941,-9999,0.0,0.0,0.0,0.0,0.0,0.0,-9999,1.41757,0.483477,24.7764,0.460489,28.9532,0.405822,5.42144,0.46408,6.33539,0.687181,1.31263,0.451868,0.066063,1.31063,1.31084,1.31418,0.453305,0.451868,0.453305,2.40956,2.26054,2.42044,2.55973,1.10244,0.951928,1.1098,1.22735,2.13372,2.12266,2.12555,2.14499,1.84338,1.82912,1.83152,1.84345,-9999,-9999
202003,18.559,0.959677,361.662,166.686,0.952285,365.593,0.959677,6.363,0.959677,101.668,0.0,4.745,1.0,2.44,0.894489,0.46941035822704646,0.8756720430107526,99.5807282196668,0.9307795698924731,333.62441270721024,0.9327956989247311,-9999,-9999,-9999,-9999,18.566222380830858,0.9321236559139785,418.70377258179417,0.9321236559139785,424.128,0.0,13.38,13.205,13.274,13.185,13.183,13.847,13.487,14.13,14.162,0.0,0.0,0.0,0.0,0.0,0.0,0.0,0.0,0.0,29.967,23.744,18.133,19.733,23.868,30.981,-9999,0.0,0.0,0.0,0.0,0.0,0.0,-9999,3.10675,0.0,52.2246,0.0,66.3883,-9999,9.03496,0.0396505,11.4853,-9999,1.51184,0.0,-9999,1.51173,1.5118,1.51213,0.0,0.0,0.0,3.00813,2.97688,3.00359,3.00921,1.49554,1.46418,1.49032,1.49709,4.64429,4.63709,4.64431,4.66402,1.62517,1.61225,1.62007,1.62517,-9999,-9999
202004,17.524,0.769444,425.996,235.883,0.769444,342.742,0.769444,7.024,0.769444,101.185,0.0,4.605,1.0,2.2,0.690278,0.3947555568839807,0.6819444444444444,140.15782282954655,0.7354166666666667,477.061022885412,0.7354166666666668,-9999,-9999,-9999,-9999,36.39910203229791,0.736111111111111,408.7977362983632,0.736111111111111,425.208,0.0,13.364,13.217,13.313,13.235,13.222,13.884,13.516,14.142,14.182,0.0,0.0,0.0,0.0,0.0,0.0,0.0,0.0,0.0,31.056,24.562,22.034,32.469,23.915,31.943,-9999,0.0,0.0,0.0,0.0,0.0,0.0,-9999,2.4053,0.0,102.073,0.0,129.756,-9999,30.7053,0.0125,39.0329,1.95567,1.03485,0.0,-9999,1.03457,1.03483,1.03485,0.0,0.0,0.0,2.83508,2.79679,2.83457,2.83833,1.80062,1.76219,1.79974,1.80375,3.87641,3.86513,3.87651,3.95471,1.58422,1.56946,1.57615,1.58422,-9999,-9999
202005,21.177,0.997984,466.684,271.227,0.997984,365.598,0.997984,8.107,0.997984,101.332,0.0,3.43,1.0,2.089,0.958333,0.3697501172722953,0.9543010752688171,166.44652495541786,0.9926075268817204,548.8022409758023,0.9939516129032258,-9999,-9999,-9999,-9999,38.37061036101995,0.993279569892473,430.3218710710864,0.993279569892473,426.49,0.0,21.853,20.971,20.884,20.622,20.212,15.978,19.17,14.135,18.309,0.0,0.0,0.0,0.0,0.0,0.0,0.0,0.0,0.0,34.489,27.063,36.253,39.47,23.73,39.764,-9999,0.0,0.0,0.0,0.0,0.0,0.0,-9999,3.03736,0.0,127.059,0.530242,-9999,1.34684,29.9576,0.786962,-9999,0.399234,1.41331,0.0,-9999,1.41331,1.41331,1.41331,0.0,0.0,0.0,3.02406,2.90234,2.98796,3.02996,1.60573,1.48903,1.57465,1.61665,4.77473,4.75081,4.77475,4.89504,1.18819,1.1757,1.18293,1.18819,-9999,-9999
202006,25.218,1.0,481.743,260.512,1.0,402.224,1.0,8.201,1.0,101.328,0.0,3.545,1.0,2.011,0.965972,0.36420964353023616,0.9597222222222221,174.09486400103518,0.9847222222222223,538.1061893349656,0.986111111111111,-9999,-9999,-9999,-9999,34.36383938024023,0.9861111111111112,454.08501125133984,0.9847222222222223,427.497,0.0,25.948,24.845,24.698,24.35,23.724,18.175,21.973,14.134,20.374,0.0,0.0,0.0,0.0,0.0,0.0,0.0,0.0,0.0,33.772,26.623,36.006,39.468,23.708,39.764,-9999,0.0,0.0,0.0,0.0,0.0,0.0,-9999,2.36847,0.0,127.183,0.783333,-9999,1.3805,19.7938,0.975,-9999,0.484528,1.43031,0.0,-9999,1.43031,1.43031,1.43031,0.0,0.0,0.0,3.22274,3.01916,3.1429,3.23572,1.78145,1.58885,1.71259,1.80542,5.6559,5.63597,5.78207,5.8367,1.11176,1.09843,1.10728,1.11176,-9999,-9999
202007,26.679,0.995296,472.328,259.987,0.995296,421.551,0.994624,7.194,0.995296,101.224,0.741263,5.963,1.0,1.637,0.943548,0.28606832217517136,0.9341397849462366,183.85603623735355,0.9858870967741935,539.4357521190029,0.9872311827956989,-9999,-9999,-9999,-9999,30.75570386330127,0.9858870967741935,462.84381560860226,0.9858870967741935,426.725,0.0,26.02,24.93,24.777,24.397,23.735,18.382,21.971,14.133,20.374,0.0201613,0.0201613,0.0201613,0.0201613,0.0194892,0.0127688,0.0201613,0.0,0.0201613,32.751,26.116,35.704,39.219,23.77,39.763,-9999,0.0,0.0,0.0,0.0,0.0,0.0,-9999,2.89891,0.00873656,149.336,0.531586,-9999,1.55848,15.4133,0.976478,-9999,0.424129,2.18623,0.0,-9999,2.18396,2.19673,2.25225,0.0,0.0,0.0,3.21509,2.96236,3.12679,3.23058,1.01577,0.821513,0.990095,1.13984,5.44945,5.43518,5.61283,5.73159,0.914114,0.901186,0.910647,0.914114,-9999,-9999
202008,26.439,0.969758,438.331,240.383,0.972446,413.841,0.969758,7.975,0.966398,101.086,0.956317,4.78,1.0,1.66,0.913978,0.28593855023067616,0.8971774193548387,173.15144252873566,0.9301075268817204,-9999,-9999,-9999,-9999,86.09682471264368,0.9301075268817204,28.307015804597704,0.9301075268817204,452.56560344827585,0.9301075268817204,424.36,0.0,25.723,24.828,24.649,24.287,23.701,18.574,22.064,14.134,20.551,0.946909,0.946909,0.946909,0.946909,0.946909,0.191532,0.94422,0.0,0.943548,32.943,26.236,35.77,38.74,23.657,39.636,-9999,0.346774,0.346774,0.343414,0.0,0.0,0.0,-9999,3.84342,0.939516,136.046,0.0887097,-9999,2.80658,11.5396,0.0954301,-9999,0.685733,2.55405,0.0,-9999,2.54941,2.56901,2.66969,0.0,0.0,0.0,3.08452,2.8062,3.00511,3.09941,0.517877,0.283091,0.515791,0.600422,4.58195,4.57029,4.785,4.90146,0.607755,0.596656,0.605052,0.607755,-9999,-9999
202009,23.443,1.0,382.096,184.652,0.995833,394.981,1.0,6.621,1.0,101.209,0.99375,1.068,1.0,2.164,0.978472,0.3564559336180109,0.9756944444444444,124.93903516548463,0.9993055555555556,401.44065277777787,1.0,12.129083333333334,1.0,82.05666666666667,1.0,21.758387706855796,0.9993055555555556,435.2663888888889,1.0,424.683,0.0888889,23.811,23.223,23.272,23.118,22.901,18.949,22.079,15.039,20.99,1.0,1.0,1.0,1.0,1.0,0.0,1.0,0.0,1.0,23.253,20.376,29.429,38.735,23.704,39.589,-9999,0.96875,0.99375,0.971528,0.302778,0.000694444,0.0,-9999,-1.34917,1.0,90.5663,0.0,99.202,-9999,10.2506,0.308333,11.228,9.00207,2.53208,0.0,-9999,2.52337,2.54061,2.65034,0.0,0.0,0.0,2.77719,2.57424,2.74243,2.78709,0.238168,0.0359499,0.21847,0.347949,3.26238,3.25198,3.38523,3.5756,0.518165,0.505695,0.516222,0.518165,-9999,-9999
202010,19.314,0.997312,311.333,169.033,0.997984,359.125,0.997312,5.575,0.997312,101.366,0.891801,5.637,1.0,2.055,0.918683,0.3533083967055985,0.9106182795698924,98.79846333790893,0.987231182795699,367.9461697390409,0.9858870967741934,12.103952184854723,0.9872311827956989,50.75454301075269,0.9879032258064516,19.865293210935718,0.987231182795699,411.9511805078929,0.987231182795699,432.11,0.964382,20.613,19.979,20.116,20.063,20.056,21.015,20.187,16.331,20.374,0.997312,0.997312,0.997312,0.997312,0.997312,0.0,0.997312,0.0,0.997312,24.017,19.531,25.393,36.896,-9999,39.501,-9999,0.99328,0.984543,0.966398,0.953629,-9999,0.466398,-9999,-3.39269,0.997312,54.3945,0.542339,59.5812,0.157153,14.9584,0.681452,16.3847,0.468556,2.55285,0.0,-9999,2.47763,2.52062,2.59523,0.0,0.0,0.0,2.40665,2.30713,2.37925,2.41044,-0.0802198,-0.240947,-0.101922,-0.0717643,2.14726,2.10088,2.14732,2.50352,0.341519,0.32905,0.339172,0.341519,-9999,-9999
202011,14.765,1.0,246.359,124.42,1.0,330.666,1.0,4.759,1.0,101.859,0.613889,1.503,0.995833,2.045,0.93125,0.32936631943972866,0.9277777777777777,53.99118927304963,0.9979166666666667,269.01055289598105,0.9986111111111111,10.697440011820332,0.9986111111111111,43.35751920803782,0.9993055555555554,14.471458185579195,0.9993055555555554,387.41176713947993,0.9986111111111111,434.866,0.997917,17.842,17.271,17.654,17.823,18.076,21.079,18.499,16.331,19.081,1.0,1.0,1.0,1.0,1.0,0.0,1.0,0.0,1.0,25.672,21.947,31.186,-9999,-9999,-9999,-9999,0.959722,0.995833,0.986111,-9999,-9999,-9999,-9999,-6.83875,0.997917,22.5951,0.0590278,25.7018,0.22311,17.8483,0.154167,20.3023,0.594689,2.18159,0.0,0.106834,2.08493,2.11028,2.19664,0.0,0.0,0.0,2.03021,1.89541,2.02832,2.08534,-0.053321,-0.181897,-0.0960445,-0.0666092,1.48782,1.43975,1.48782,1.88348,0.162225,0.149832,0.161062,0.162225,-9999,-9999
202012,8.778,1.0,214.612,109.323,1.0,301.443,1.0,3.491,1.0,101.713,0.179435,2.665,0.976478,2.244,0.950269,0.36877516688432144,0.9462365591397851,40.27428091397851,1.0,236.9244996854267,0.9993279569892473,11.024716741020361,0.9993279569892473,33.58517644703729,0.9993279569892473,12.368118279569895,1.0,357.7352150537634,1.0,430.833,0.96371,13.906,13.457,14.156,14.535,15.024,21.075,15.676,16.332,16.583,1.0,1.0,1.0,1.0,1.0,0.0,1.0,0.0,1.0,35.668,25.124,34.113,-9999,-9999,-9999,-9999,0.962366,0.989247,0.992608,-9999,-9999,-9999,-9999,-9.58668,0.979167,16.749,0.853495,19.0519,0.321131,26.9873,0.875,30.6979,0.539469,1.94716,0.745968,0.0290063,1.89243,1.93517,2.00211,0.743952,0.758065,0.78629,1.85175,1.77019,1.84225,1.88833,-0.0486311,-0.164314,-0.0896498,-0.0406765,1.24128,1.23829,1.2583,1.38983,0.16896,0.139159,0.153895,0.173766,-9999,-9999
202101,8.796,1.0,231.297,100.751,1.0,315.574,1.0,3.398,1.0,101.571,0.997312,2.568,1.0,2.51,0.896505,0.4468149517753013,0.8931451612903227,46.18579615648592,0.9993279569892473,219.43086693548386,1.0,10.44356182795699,1.0,44.56841397849462,1.0,11.44029569892473,1.0,359.06122311827954,1.0,428.338,0.995968,12.788,12.262,12.773,13.031,13.403,20.808,13.95,16.331,14.886,1.0,1.0,1.0,1.0,1.0,0.0,1.0,0.0,1.0,36.879,25.415,34.281,-9999,-9999,-9999,-9999,0.99328,0.987231,0.985887,-9999,-9999,-9999,-9999,-5.70852,1.0,20.7551,0.99328,22.1239,0.345435,27.596,0.993952,29.416,0.462667,1.50384,0.980511,0.0239564,1.48446,1.49478,1.50436,0.980511,0.980511,0.980511,1.83736,1.83973,1.85165,1.91473,0.342891,0.342891,0.365269,0.40755,1.13266,1.11438,1.19066,1.28843,0.144327,0.0779723,0.105046,0.131841,-9999,-9999
202102,8.65,1.0,287.337,128.071,1.0,315.126,1.0,4.459,0.574405,101.584,0.995536,2.861,1.0,2.599,0.837054,0.4486983165946828,0.7976190476190476,69.76237161220872,0.9992559523809523,273.65676339285716,1.0,13.797001488095237,1.0,48.81835106382979,0.9992559523809523,14.208035714285714,1.0,359.6814732142858,1.0,431.044,0.997024,12.098,11.508,11.884,12.063,12.328,20.731,12.877,16.38,13.806,1.0,1.0,1.0,1.0,1.0,0.0,1.0,0.0,1.0,38.077,25.912,35.646,-9999,-9999,-9999,-9999,0.99628,0.99628,0.988839,-9999,-9999,-9999,-9999,-3.81492,1.0,17.6008,1.0,22.3743,0.412777,40.4168,1.0,51.3781,0.655655,1.39633,0.997768,0.0385817,1.36579,1.39533,1.40104,0.997768,0.997768,0.997768,1.61832,1.61248,1.62204,1.63441,0.242313,0.2237,0.24043,0.244147,1.24684,1.18846,1.21004,1.24678,0.146505,0.181137,0.192339,0.202318,-9999,-9999
202103,16.061,0.990591,359.271,161.229,0.992608,343.82,0.990591,6.546,0.989247,101.646,0.948925,4.05,1.0,2.469,0.948925,0.46405059895602385,0.9448924731182795,87.58903519205536,0.9717741935483871,338.1343969145263,0.9711021505376345,18.438713780317038,0.9711021505376345,63.93350671100454,0.9717741935483871,17.433384912304515,0.9717741935483871,399.7637987037959,0.9717741935483871,430.759,0.672715,15.491,14.901,14.722,14.457,14.138,20.756,13.907,16.52,14.306,1.0,1.0,1.0,1.0,1.0,0.0,1.0,0.0,1.0,34.754,26.117,-9999,-9999,-9999,-9999,-9999,0.575941,0.606183,-9999,-9999,-9999,-9999,-9999,2.98882,0.735215,28.3606,0.418011,36.0523,0.551612,36.1679,0.409274,45.9769,0.707135,1.31753,0.403226,0.0322534,1.17744,1.30325,1.35624,0.403226,0.403898,0.41129,2.3948,2.2506,2.73368,2.77171,1.45751,1.13748,1.41155,1.45675,3.56378,3.11833,3.51883,3.65312,1.41214,1.41115,1.62631,1.68314,-9999,-9999
202104,17.592,1.0,424.226,258.4,1.0,337.316,1.0,8.2,1.0,101.328,0.984722,4.184,1.0,2.071,0.980556,0.3870576626936547,0.9736111111111111,147.60870759456262,0.9993055555555554,525.1812638888889,1.0,20.856027777777772,1.0,80.97000000000001,1.0,35.5160625,1.0,409.39548611111115,1.0,433.763,0.989583,17.555,17.227,17.129,16.901,16.584,20.65,15.669,16.558,15.58,0.93125,0.93125,0.93125,0.93125,0.93125,0.0,0.28125,0.130556,0.28125,32.744,24.691,-9999,-9999,-9999,-9999,-9999,0.192361,0.172917,-9999,-9999,-9999,-9999,-9999,5.52511,0.0,69.1446,0.369444,-9999,4.16931,44.1176,0.689583,-9999,0.600153,-3.13738,0.304861,1.38162,-3.59298,-3.13738,-3.03569,0.301389,0.304861,0.304861,3.62639,3.26258,3.99344,4.46902,7.60323,6.98771,7.13725,7.50471,7.02108,5.79538,6.82055,7.09402,7.31464,7.31464,8.35781,8.5071,-9999,-9999
202105,21.617,0.997984,465.762,278.581,0.998656,371.046,0.997984,8.886,0.997984,101.537,0.985215,2.758,1.0,2.157,0.964382,0.4065176127864096,0.9630376344086021,177.16245843819112,0.991263440860215,576.2264112903225,0.9919354838709677,17.30821684587814,0.9919354838709677,95.05622759856628,0.9919354838709677,41.7641061827957,0.9919354838709677,431.083355734767,0.9919354838709677,432.954,0.994624,20.417,19.388,19.148,18.772,18.242,20.599,17.275,16.932,16.744,0.997984,0.997984,0.997984,0.997984,0.997984,0.0,0.994624,0.994624,0.994624,30.158,23.213,-9999,-9999,-9999,-9999,-9999,0.901882,0.963038,-9999,-9999,-9999,-9999,-9999,10.7398,0.0,96.3273,0.760753,-9999,1.01695,34.3137,0.831317,-9999,0.528638,-6.91111,0.705645,0.118613,-7.00879,-6.88362,-6.8195,0.729167,0.704301,0.715054,5.60008,5.16544,5.53133,5.74792,12.6327,12.2575,12.3835,12.6235,4.25648,3.90193,4.24789,4.47569,10.8864,10.8864,11.286,11.3278,-9999,-9999
202106,25.061,1.0,481.644,254.347,0.997917,412.374,1.0,7.099,1.0,101.265,0.985417,8.301,1.0,1.956,0.93125,0.34177057510713427,0.913888888888889,183.0074417270531,0.9923611111111111,538.615055112293,0.9916666666666667,14.561408781833855,0.9909722222222223,101.13962417771612,0.9923611111111111,34.45573773690079,0.9923611111111111,451.90625696767,0.9923611111111111,435.907,0.796528,23.532,22.941,22.633,22.096,21.297,21.026,19.556,17.886,18.24,0.998611,0.998611,0.998611,0.998611,0.998611,0.711806,0.997917,0.511111,0.997917,36.435,28.058,-9999,-9999,-9999,-9999,-9999,0.795833,0.865278,-9999,-9999,-9999,-9999,-9999,-0.344824,0.0,105.328,0.998611,-9999,1.0576,17.0038,0.997222,-9999,0.48873,-6.33153,0.977778,0.134058,-6.3505,-6.33099,-6.28846,0.982639,0.979167,0.982639,6.68151,6.7099,6.76569,6.80746,13.0509,13.0662,13.0982,13.1162,7.6202,7.37669,7.60371,7.64459,13.6208,13.3316,13.483,13.5356,-9999,-9999
202107,25.811,1.0,473.013,247.265,0.999328,422.03,1.0,5.568,1.0,101.38,0.988575,4.984,1.0,1.536,0.950269,0.27709049895971033,0.9448924731182796,181.83780278994058,0.9939516129032256,520.1352316089693,0.9952956989247311,13.799934434828218,0.9952956989247311,105.53996071133167,0.9939516129032258,29.61326362045177,0.9939516129032256,456.66181812221345,0.9952956989247311,434.061,0.000672043,25.126,24.341,24.127,23.676,22.963,-9999,21.293,17.994,19.835,1.0,1.0,1.0,1.0,1.0,-9999,0.998656,0.0,1.0,-9999,-9999,-9999,-9999,-9999,-9999,-9999,-9999,-9999,-9999,-9999,-9999,-9999,-9999,-5.02033,0.0,99.3463,0.995968,-9999,1.08096,21.1149,0.997984,-9999,0.510955,-5.53424,0.96707,0.135267,-5.57107,-5.53419,-5.48096,0.966398,0.966398,0.968414,7.37088,7.26203,7.34239,7.37088,12.905,12.7638,12.8372,12.9376,6.30948,6.13475,6.25463,6.4408,11.9229,11.8716,11.9618,12.0099,-9999,-9999
202108,26.279,1.0,439.811,234.02,1.0,420.7,1.0,6.685,1.0,101.304,1.0,7.839,1.0,1.771,0.981183,0.30053965024530566,0.9764784946236559,168.7214852150538,1.0,491.34561155913974,1.0,13.173743279569893,1.0,88.06283602150538,1.0,25.87944892473118,1.0,458.53387096774196,1.0,430.884,0.0,25.705,24.898,24.794,24.469,23.951,-9999,22.449,18.065,20.959,1.0,1.0,1.0,1.0,1.0,-9999,1.0,0.0,1.0,-9999,-9999,-9999,-9999,-9999,-9999,-9999,-9999,-9999,-9999,-9999,-9999,-9999,-9999,-5.68618,0.0,108.722,0.99664,-9999,1.20984,13.311,0.998656,-9999,0.527678,-3.64016,0.982527,0.156375,-4.03058,-3.66687,-3.41645,0.969086,0.985215,0.986559,7.16687,6.8788,7.5472,7.92402,11.0912,10.9399,11.2141,11.3568,8.70944,8.67465,9.17323,9.38002,12.1197,11.5321,11.768,11.9807,-9999,-9999
202109,23.318,1.0,384.246,198.863,1.0,395.98,1.0,5.77,1.0,101.304,0.989583,2.45,1.0,1.629,0.922222,0.2762814894325035,0.9131944444444444,129.9640884661836,0.9986111111111112,411.87815126811597,0.9986111111111112,11.52731582125604,0.9986111111111112,71.44888888888887,1.0,21.096685688405795,0.9986111111111112,440.88571256038654,0.9986111111111112,437.164,0.827778,23.025,22.619,22.789,22.742,22.717,-9999,22.477,17.438,21.573,0.725694,0.725694,0.725,0.725694,0.725,-9999,1.0,0.0,1.0,-9999,-9999,-9999,-9999,-9999,-9999,-9999,-9999,-9999,-9999,-9999,-9999,-9999,-9999,-3.94555,0.0,82.8427,0.973611,-9999,0.904057,16.8555,0.975694,-9999,0.498575,-1.84887,0.960417,0.120702,-1.87209,-1.78723,-1.45873,0.959722,0.959028,0.958333,6.62851,6.57876,6.71611,7.01338,8.40397,8.40397,8.48571,8.56204,6.52572,6.37993,6.53382,7.21552,8.92476,8.27181,8.38144,8.64505,-9999,-9999
202110,19.985,1.0,313.703,171.361,1.0,367.834,1.0,5.525,1.0,101.254,0.995968,0.952,1.0,1.866,0.975806,0.31125599574945734,0.969758064516129,98.77380962594373,0.9986559139784946,354.22840053763434,1.0,11.10418010752688,1.0,57.224663978494625,1.0,16.73446908602151,1.0,421.34771505376347,1.0,437.55,0.982527,21.133,20.737,20.997,21.019,21.093,-9999,21.121,16.621,21.029,1.0,1.0,1.0,1.0,1.0,-9999,1.0,0.0,1.0,-9999,-9999,-9999,-9999,-9999,-9999,-9999,-9999,-9999,-9999,-9999,-9999,-9999,-9999,-1.26805,0.330645,65.0806,0.997984,71.2863,0.813313,15.8471,0.999328,17.3582,0.471194,-0.413795,0.979839,0.0892299,-0.47157,-0.427591,-0.411,0.96707,0.980511,0.977823,5.20242,5.26347,5.29142,5.37042,5.66127,5.72347,5.75834,5.79853,5.42478,4.78327,5.17651,5.626,5.8752,5.47255,5.64873,5.8752,-9999,-9999
202111,11.991,1.0,248.105,148.366,1.0,306.669,1.0,4.785,1.0,101.917,0.9875,0.6,1.0,1.956,0.764583,0.3338699957092646,0.7638888888888888,59.49256533687944,0.9972222222222221,297.20739762608343,0.9972222222222221,12.635304206067774,0.9972222222222221,37.85860589046493,0.9972222222222221,15.175992119779352,0.9972222222222221,377.14574202127653,0.9972222222222221,433.966,0.984028,16.263,15.855,16.536,16.876,17.315,-9999,17.968,16.572,18.765,1.0,1.0,1.0,1.0,1.0,-9999,1.0,0.0,1.0,-9999,-9999,-9999,-9999,-9999,-9999,-9999,-9999,-9999,-9999,-9999,-9999,-9999,-9999,-6.86194,0.999306,31.9978,0.967361,35.0489,0.482036,26.9069,0.971528,29.4725,0.678242,0.0191931,0.320139,0.0642544,-0.107746,-0.0115979,0.0193813,0.320139,0.320139,0.320139,2.63683,2.56605,2.63319,2.63808,2.67552,2.5752,2.61713,2.74384,1.315,1.1102,1.25689,1.47028,2.26771,2.11414,2.17053,2.26131,-9999,-9999
202112,15.09,1.0,214.906,94.486,1.0,350.564,1.0,3.723,1.0,101.531,0.993952,2.968,1.0,2.22,0.989919,0.3835051423097758,0.9865591397849464,38.87240299205236,0.9986559139784947,194.38087637268362,0.9993279569892473,10.788792038435142,0.9993279569892473,42.92089195836193,0.9993279569892473,8.840972124824685,0.9986559139784947,395.01680536490505,0.9993279569892473,433.597,0.841398,16.166,15.546,15.773,15.879,16.15,-9999,16.619,16.615,17.42,1.0,1.0,1.0,1.0,1.0,-9999,1.0,0.49328,1.0,-9999,-9999,-9999,-9999,-9999,-9999,-9999,-9999,-9999,-9999,-9999,-9999,-9999,-9999,-1.50042,0.997312,11.7365,0.957661,16.1778,0.283195,16.2868,0.993952,22.4502,0.468315,0.811731,0.618952,0.082847,0.55556,0.617765,0.799011,0.580645,0.596102,0.634409,2.43094,2.34527,2.43094,2.82431,1.821,1.81772,1.97339,2.02612,1.3377,1.20167,1.28198,1.51694,1.46925,1.3475,1.38685,1.46714,-9999,-9999
