TIMESTAMP,TA_F,TA_F_QC,SW_IN_POT,SW_IN_F,SW_IN_F_QC,LW_IN_F,LW_IN_F_QC,VPD_F,VPD_F_QC,PA_F,PA_F_QC,P_F,P_F_QC,WS_F,WS_F_QC,USTAR,USTAR_QC,NETRAD,NETRAD_QC,PPFD_IN,PPFD_IN_QC,PPFD_OUT,PPFD_OUT_QC,SW_DIF,SW_DIF_QC,SW_OUT,SW_OUT_QC,LW_OUT,LW_OUT_QC,CO2_F_MDS,CO2_F_MDS_QC,TS_F_MDS_1,TS_F_MDS_2,TS_F_MDS_3,TS_F_MDS_4,TS_F_MDS_5,TS_F_MDS_6,TS_F_MDS_7,TS_F_MDS_8,TS_F_MDS_9,TS_F_MDS_1_QC,TS_F_MDS_2_QC,TS_F_MDS_3_QC,TS_F_MDS_4_QC,TS_F_MDS_5_QC,TS_F_MDS_6_QC,TS_F_MDS_7_QC,TS_F_MDS_8_QC,TS_F_MDS_9_QC,G_F_MDS,G_F_MDS_QC,LE_F_MDS,LE_F_MDS_QC,LE_CORR,LE_RANDUNC,H_F_MDS,H_F_MDS_QC,H_CORR,H_RANDUNC,NEE_VUT_REF,NEE_VUT_REF_QC,NEE_VUT_REF_RANDUNC,NEE_VUT_25,NEE_VUT_50,NEE_VUT_75,NEE_VUT_25_QC,NEE_VUT_50_QC,NEE_VUT_75_QC,RECO_NT_VUT_REF,RECO_NT_VUT_25,RECO_NT_VUT_50,RECO_NT_VUT_75,GPP_NT_VUT_REF,GPP_NT_VUT_25,GPP_NT_VUT_50,GPP_NT_VUT_75,RECO_DT_VUT_REF,RECO_DT_VUT_25,RECO_DT_VUT_50,RECO_DT_VUT_75,GPP_DT_VUT_REF,GPP_DT_VUT_25,GPP_DT_VUT_50,GPP_DT_VUT_75,RECO_SR,RECO_SR_N
201701,-15.3,0.0,19.5513,8.168,0.0,219.745,0.0,0.883,0.0,92.672,0.0,0.373,0.0,3.082,0.0,-9999,-9999,-9999,-9999,-9999,-9999,-9999,-9999,-9999,-9999,-9999,-9999,-9999,-9999,-9999,-9999,-9999,-9999,-9999,-9999,-9999,-9999,-9999,-9999,-9999,-9999,-9999,-9999,-9999,-9999,-9999,-9999,-9999,-9999,-9999,-9999,19.808,0.0,22.8846,-9999,-15.4921,0.0,-17.8983,-9999,0.570659,0.0,-9999,0.539957,0.544446,0.551152,0.0,0.0,0.0,-9999,-9999,-9999,-9999,-9999,-9999,-9999,-9999,0.0289628,0.026966,0.0289628,0.203034,0.0965456,0.096326,0.0965456,0.112671,-9999,-9999
201702,-12.205,0.0,72.9275,37.516,0.0,229.461,0.0,0.934,0.0,92.683,0.0,0.484,0.0,2.997,0.0,-9999,-9999,-9999,-9999,-9999,-9999,-9999,-9999,-9999,-9999,-9999,-9999,-9999,-9999,-9999,-9999,-9999,-9999,-9999,-9999,-9999,-9999,-9999,-9999,-9999,-9999,-9999,-9999,-9999,-9999,-9999,-9999,-9999,-9999,-9999,-9999,19.7909,0.0,16.6995,-9999,-15.3612,0.0,-12.9617,-9999,0.570934,0.0,-9999,0.539769,0.544893,0.551119,0.0,0.0,0.0,-9999,-9999,-9999,-9999,-9999,-9999,-9999,-9999,0.0458734,0.043072,0.0458734,0.270122,0.294497,0.294497,0.294893,0.314075,-9999,-9999
201703,-15.937,0.0,174.198,114.69,0.0,192.699,0.0,0.95,0.0,93.086,0.0,0.132,0.0,1.685,0.0,-9999,-9999,-9999,-9999,-9999,-9999,-9999,-9999,-9999,-9999,-9999,-9999,-9999,-9999,-9999,-9999,-9999,-9999,-9999,-9999,-9999,-9999,-9999,-9999,-9999,-9999,-9999,-9999,-9999,-9999,-9999,-9999,-9999,-9999,-9999,-9999,19.8032,0.0,16.7099,-9999,-14.9219,0.0,-12.5911,-9999,0.570565,0.0,-9999,0.539957,0.543808,0.551149,0.0,0.0,0.0,-9999,-9999,-9999,-9999,-9999,-9999,-9999,-9999,0.0209393,0.0195157,0.0209393,0.168067,0.562442,0.562442,0.564715,0.567038,-9999,-9999
201704,1.445,0.0,302.65,188.517,0.0,249.714,0.0,3.128,0.0,92.836,0.0,0.066,0.0,2.669,0.0,-9999,-9999,-9999,-9999,-9999,-9999,-9999,-9999,-9999,-9999,-9999,-9999,-9999,-9999,-9999,-9999,-9999,-9999,-9999,-9999,-9999,-9999,-9999,-9999,-9999,-9999,-9999,-9999,-9999,-9999,-9999,-9999,-9999,-9999,-9999,-9999,19.801,0.0,25.2156,-9999,-15.255,0.0,-19.4264,-9999,0.570712,0.0,-9999,0.539898,0.544365,0.551142,0.0,0.0,0.0,-9999,-9999,-9999,-9999,-9999,-9999,-9999,-9999,0.383337,0.374449,0.383337,0.826557,0.768484,0.758195,0.772141,0.774994,-9999,-9999
201705,7.143,0.0,417.272,220.584,0.0,284.943,0.0,4.96,0.0,92.893,0.0,0.805,0.0,3.533,0.0,-9999,-9999,-9999,-9999,-9999,-9999,-9999,-9999,-9999,-9999,-9999,-9999,-9999,-9999,-9999,-9999,-9999,-9999,-9999,-9999,-9999,-9999,-9999,-9999,-9999,-9999,-9999,-9999,-9999,-9999,-9999,-9999,-9999,-9999,9.68967,0.0,19.808,0.0,30.0404,-9999,-15.4921,0.0,-23.495,-9999,0.570659,0.0,-9999,0.539957,0.544446,0.551152,0.0,0.0,0.0,-9999,-9999,-9999,-9999,-9999,-9999,-9999,-9999,0.835699,0.832766,0.835699,1.13281,0.899925,0.890461,0.904109,0.907507,-9999,-9999
201706,12.844,0.0,476.468,234.256,0.0,319.427,0.0,7.328,0.0,93.058,0.0,0.74,0.0,2.877,0.0,-9999,-9999,-9999,-9999,-9999,-9999,-9999,-9999,-9999,-9999,-9999,-9999,-9999,-9999,-9999,-9999,-9999,-9999,-9999,-9999,-9999,-9999,-9999,-9999,-9999,-9999,-9999,-9999,-9999,-9999,-9999,-9999,-9999,-9999,9.65111,0.0,19.801,0.0,28.5821,-9999,-15.255,0.0,-22.02,-9999,0.570712,0.0,-9999,0.539898,0.544365,0.551142,0.0,0.0,0.0,-9999,-9999,-9999,-9999,-9999,-9999,-9999,-9999,1.64301,1.3223,1.64301,1.66732,0.964051,0.957479,0.968392,0.972114,-9999,-9999
201707,14.197,0.0134409,449.381,192.865,0.0134409,345.079,0.0134409,5.465,0.0134409,93.504,0.0120968,1.253,0.0120968,2.821,0.0120968,-9999,-9999,-9999,-9999,-9999,-9999,-9999,-9999,-9999,-9999,-9999,-9999,-9999,-9999,-9999,-9999,-9999,-9999,-9999,-9999,-9999,-9999,-9999,-9999,-9999,-9999,-9999,-9999,-9999,-9999,-9999,-9999,-9999,-9999,9.69839,0.0127688,19.9105,0.0,26.1553,-9999,-14.5689,0.0,-19.1383,-9999,0.566638,0.0,-9999,0.536368,0.540323,0.547434,0.0,0.0,0.0,-9999,-9999,-9999,-9999,-9999,-9999,-9999,-9999,1.87398,1.45175,1.87398,1.90503,0.870376,0.870376,0.873965,0.877519,-9999,-9999
201708,11.36,1.0,350.868,137.323,1.0,334.303,1.0,4.835,1.0,92.791,0.967742,0.0,1.0,2.958,0.969758,0.21290600940662224,0.9495967741935483,73.41308701496027,0.9986559139784946,293.2014782024311,0.9986559139784946,17.648086430575034,0.9986559139784946,90.6064399251987,0.9986559139784946,25.267938581112663,0.9986559139784946,372.9873363721366,0.9986559139784946,401.067,0.604167,11.619,10.443,7.054,3.733,2.036,1.32,-0.023,-0.156,-0.309,1.0,1.0,1.0,1.0,1.0,1.0,1.0,1.0,1.0,7.90079,1.0,22.8642,0.0,29.6603,1.94144,-0.338762,0.0,-0.439455,3.15595,0.516498,0.0,0.0914068,0.471238,0.490095,0.516498,0.0,0.0,0.0,-9999,-9999,-9999,-9999,-9999,-9999,-9999,-9999,1.44778,1.21243,1.44778,1.4674,0.684266,0.684266,0.686582,0.69781,-9999,-9999
201709,6.264,0.997917,225.606,82.91,0.997222,300.48,0.997222,3.433,0.997222,92.719,0.977083,0.204,0.90625,3.805,0.929167,0.25946308988593164,0.8784722222222222,23.242033624620056,0.9951388888888888,175.64091170634921,0.9958333333333333,19.376261904761904,0.9958333333333333,56.728720238095235,0.9958333333333333,17.223999430091183,0.9951388888888888,342.23007936507935,0.9958333333333333,403.445,0.934722,5.927,5.516,3.779,2.043,1.23,1.032,0.09,-0.034,-0.222,0.997917,0.997917,0.997222,0.997222,0.997917,0.997222,0.997222,0.997917,0.997222,3.18572,0.997222,15.4019,0.50625,21.4025,0.28972,-3.304,0.7125,-4.59122,0.632015,0.668695,0.509722,0.0139272,0.57898,0.596853,0.668695,0.504167,0.502778,0.509722,-9999,-9999,-9999,-9999,-9999,-9999,-9999,-9999,0.783911,0.781073,0.784941,1.11189,0.5058,0.5058,0.506979,0.52757,-9999,-9999
201710,-1.264,1.0,110.091,39.636,1.0,276.787,1.0,1.628,1.0,92.577,0.975134,0.956,0.0,3.218,0.534946,-9999,-9999,-5.829031036168131,0.9973118279569891,84.85371818996417,0.9979838709677419,35.66979883512544,0.9979838709677419,29.046913082437275,0.9979838709677419,17.59873778103617,0.9973118279569891,303.64017025089606,0.9979838709677419,407.947,0.504704,-0.104,0.017,0.289,0.214,0.135,0.434,0.12,0.037,-0.16,1.0,1.0,1.0,1.0,1.0,1.0,1.0,1.0,1.0,-0.807298,0.998656,9.299,0.0,8.76326,-9999,-11.7056,0.00873656,-11.0312,1.39336,0.865781,0.0,-9999,0.787788,0.807305,0.865781,0.0,0.0,0.0,-9999,-9999,-9999,-9999,-9999,-9999,-9999,-9999,0.311335,0.304143,0.311335,0.705673,0.316088,0.316088,0.316269,0.343108,-9999,-9999
201711,-9.317,1.0,34.7106,12.44,1.0,245.75,1.0,0.863,1.0,92.962,0.995833,0.739,0.0,3.665,0.861806,0.21073014654422173,0.8055555555555555,-16.8480274822695,0.9993055555555554,25.595804964539003,0.9993055555555554,18.988751329787235,0.9993055555555554,10.601583924349884,0.9993055555555554,8.038123374704492,0.9993055555555554,265.3328767730497,0.9993055555555554,412.068,1.0,-1.125,-0.83,-0.13,-0.033,-0.043,0.365,0.127,0.083,-0.121,1.0,1.0,1.0,1.0,1.0,1.0,1.0,1.0,1.0,-0.380496,0.999306,6.35585,0.0,6.44079,-9999,-45.4059,0.0,-46.0127,-9999,1.04801,0.0,-9999,0.989414,1.01243,1.04801,0.0,0.0,0.0,-9999,-9999,-9999,-9999,-9999,-9999,-9999,-9999,0.0696669,0.0656208,0.0696669,0.355034,0.140505,0.140168,0.140505,0.164095,-9999,-9999
201712,-3.443,1.0,8.80509,3.584,1.0,250.368,1.0,2.237,1.0,92.723,0.988575,0.364,0.0,5.021,0.825269,0.27828375295999297,0.7883064516129032,-36.334471684215806,0.9919354838709677,6.680008064516129,0.9946236559139785,5.929586447678991,0.9952956989247312,4.74992787831104,0.9952956989247312,1.9769873256942936,0.9926075268817205,285.5729983441306,0.9946236559139785,412.187,1.0,-0.974,-0.748,-0.134,-0.052,-0.054,0.387,0.015,0.12,-0.094,1.0,1.0,1.0,1.0,1.0,1.0,1.0,1.0,1.0,-1.89955,1.0,7.82048,0.0,6.45384,-9999,-55.0423,0.238575,-45.4236,6.39524,0.366584,0.0,-9999,0.353561,0.356325,0.380825,0.0,0.0,0.0,-9999,-9999,-9999,-9999,-9999,-9999,-9999,-9999,0.215161,0.208139,0.215161,0.600028,0.0530169,0.0527346,0.0530169,0.0667479,-9999,-9999
201801,-14.53,1.0,19.5513,8.757,0.990591,223.124,1.0,0.919,1.0,92.563,0.99328,0.3,0.0,2.501,0.286962,-9999,-9999,-21.884442546793778,0.9939516129032259,12.631552419354836,1.0,14.23036962365591,1.0,7.846034946236559,1.0,6.084316191291325,0.9939516129032259,246.5163306451613,1.0,413.347,0.444892,-2.81,-2.323,-1.039,-0.501,-0.247,0.361,-0.016,0.147,-0.074,1.0,1.0,1.0,1.0,1.0,1.0,1.0,1.0,1.0,-7.8642,1.0,1.04607,0.0,1.20854,-9999,-54.9718,0.258065,-63.5099,6.16827,0.197151,0.0,-9999,0.197392,0.200012,0.20936,0.0,0.0,0.0,0.103059,0.11946,0.131484,0.147753,-0.0754945,-0.117007,-0.0833187,-0.0702054,0.110511,0.10792,0.111448,0.113507,0.0,0.0,0.0,0.0,-9999,-9999
201802,-9.464,1.0,72.9275,36.653,0.997024,225.645,1.0,1.201,1.0,93.596,1.0,0.634,0.0,4.036,0.834077,0.2221016753207726,0.8050595238095238,-22.41926038500506,0.9977678571428571,74.6736011904762,1.0,61.58971726190476,1.0,22.502604166666664,1.0,26.452154448041934,0.9977678571428571,259.2262648809524,1.0,413.704,0.995536,-2.878,-2.547,-1.661,-1.335,-0.943,0.145,-0.027,0.173,-0.056,1.0,1.0,1.0,1.0,1.0,1.0,1.0,1.0,1.0,-7.00296,0.994792,1.49908,0.0,1.26492,0.173332,-22.6653,0.00744048,-19.125,0.84407,0.203599,0.0,0.0127463,0.201867,0.204141,0.221467,0.0,0.0,0.0,0.128477,0.149694,0.159936,0.187114,-0.0450657,-0.0712263,-0.0544437,-0.0424688,0.0981398,0.100341,0.106611,0.129789,0.0,0.0,0.0,0.0,-9999,-9999
201803,-7.696,1.0,174.198,101.476,1.0,231.231,1.0,1.297,1.0,93.236,0.987903,0.529,0.0,3.111,0.944892,0.1377318767376781,0.9112903225806451,-8.769099910394266,0.9979838709677419,214.0446836917563,0.9979838709677419,178.4117585125448,0.9979838709677419,56.30539426523297,0.9979838709677419,76.13642293906811,0.9979838709677419,267.67563172043015,0.9979838709677419,415.712,0.99664,-1.696,-1.513,-1.055,-0.998,-0.802,0.048,-0.073,0.201,-0.048,1.0,1.0,1.0,1.0,1.0,1.0,0.999328,1.0,1.0,-1.14992,0.995968,1.48924,0.866935,1.25662,0.0808876,-13.5303,0.942204,-11.4169,0.38892,0.220731,0.815188,0.00286124,0.204611,0.214233,0.225585,0.866263,0.8125,0.803091,0.160686,0.171719,0.176953,0.214946,-0.0358103,-0.0353124,-0.0312862,-0.023907,0.148689,0.147149,0.153642,0.162809,0.00127158,0.0,0.00216151,0.00368861,-9999,-9999
201804,-2.092,1.0,302.65,201.598,0.980556,231.004,1.0,2.61,1.0,92.677,0.98125,0.308,0.0,4.028,0.981944,0.19369159874136824,0.9486111111111113,7.30686418825162,0.9979166666666666,428.61105646135275,0.9986111111111111,340.22257759661835,0.9986111111111111,83.88106582125604,0.9986111111111111,140.9412316849111,0.9979166666666666,290.83651473686916,0.9979166666666666,416.4,0.997222,-0.734,-0.662,-0.483,-0.619,-0.594,0.005,-0.231,0.155,-0.079,1.0,1.0,1.0,1.0,1.0,1.0,1.0,1.0,1.0,-0.201553,0.999306,10.9156,0.996528,13.9005,0.306677,-20.5379,0.999306,-26.1539,0.560252,0.394663,0.753472,0.0054516,0.340222,0.378752,0.397419,0.899306,0.788194,0.752778,0.289653,0.287516,0.297617,0.45151,-0.0517379,-0.0557795,-0.0480448,0.0423105,0.350709,0.339719,0.350709,0.37562,0.0181868,0.0172954,0.0217402,0.0272877,-9999,-9999
201805,5.435,0.913306,417.272,223.671,0.914651,279.137,0.913306,4.446,0.913306,92.814,0.877688,0.449,0.0,4.229,0.895161,0.26797685269864446,0.8716397849462367,102.52804926749356,0.8911290322580645,471.5197340629801,0.8918010752688172,108.45350062403993,0.8918010752688172,122.52659130184331,0.8918010752688172,62.11637627872013,0.8911290322580645,342.75879416282635,0.8918010752688172,415.482,0.713038,5.697,5.099,2.286,0.353,-0.069,0.348,-0.182,0.116,-0.151,0.913306,0.913306,0.913306,0.913306,0.913306,0.913306,0.912634,0.910618,0.912634,5.26125,0.909946,29.146,0.90121,49.6386,0.362254,15.089,0.910618,25.698,0.690599,0.176532,0.553091,0.00939877,0.117406,0.135388,0.145816,0.667339,0.672043,0.523522,1.03427,0.811212,1.03661,1.12191,0.698755,0.692965,0.920804,0.978749,0.967964,0.89233,0.982822,1.05591,0.757452,0.717178,0.768762,0.841366,-9999,-9999
201806,11.147,1.0,476.468,215.189,1.0,312.718,1.0,6.087,1.0,93.023,0.961806,1.307,0.0,3.654,0.997917,0.2618716838770009,0.9798611111111112,120.71799586288415,0.9979166666666667,455.4570416666667,1.0,28.540159722222224,1.0,114.24118055555553,1.0,38.6530429964539,0.9979166666666667,373.673125,1.0,408.89,0.996528,12.552,11.851,8.049,4.086,1.84,0.929,-0.095,0.186,-0.128,1.0,1.0,1.0,1.0,1.0,1.0,1.0,1.0,1.0,10.4136,0.997222,40.5798,0.997222,53.9735,0.396905,41.9263,0.997222,55.7645,0.526739,-1.10894,0.975,0.0183139,-1.14098,-1.11788,-1.11004,0.992361,0.959722,0.959722,1.55328,1.30594,1.59551,2.08688,2.50864,2.46271,2.70574,3.17898,2.1307,2.1307,2.26378,2.32568,3.14065,3.21454,3.33164,3.41001,-9999,-9999
201807,14.9,0.998656,449.381,224.681,0.998656,328.017,0.998656,8.468,0.998656,93.801,0.976478,0.85,0.0,3.869,0.987231,0.28214687251986953,0.9717741935483872,121.55526264272791,0.9952956989247311,509.51105297114503,0.5067204301075269,28.34680232970583,0.5067204301075269,111.65810260289928,0.9959677419354839,43.05862615950168,0.9952956989247311,391.51889454774226,0.9959677419354839,402.063,0.998656,16.001,15.125,11.558,6.974,3.885,2.518,0.159,0.24,-0.103,0.998656,0.998656,0.998656,0.998656,0.998656,0.998656,0.997984,0.995296,0.997984,10.0421,0.99328,50.4739,0.99664,65.4767,0.401989,35.9236,0.99664,46.6014,0.510207,-1.65162,0.995296,0.0235104,-1.72057,-1.66123,-1.65697,0.995968,0.995968,0.995968,2.63035,2.47453,2.58386,2.73428,4.23464,4.15522,4.23911,4.40013,2.92233,2.92472,3.25344,3.41351,4.71477,4.75946,5.03918,5.0873,-9999,-9999
201808,10.307,0.211694,350.868,102.287,0.214382,337.757,0.211694,3.338,0.211694,93.078,0.229839,2.304,0.0,3.547,0.16129,-9999,-9999,-9999,-9999,-9999,-9999,-9999,-9999,-9999,-9999,-9999,-9999,-9999,-9999,404.375,0.214382,8.506,8.435,7.337,4.409,3.378,3.109,0.662,0.295,-0.076,0.267473,0.267473,0.267473,0.267473,0.267473,0.267473,0.267473,0.266801,0.266801,6.8705,0.241935,22.4121,0.209677,29.0739,0.361409,-3.38599,0.211022,-4.39243,0.600407,0.111665,0.209677,0.0311788,-0.257631,0.0354048,0.149169,0.209677,0.209677,0.210349,2.61246,2.2048,2.58643,2.87387,2.69932,2.41516,2.61194,2.74982,4.3132,2.69634,3.27879,4.27365,4.3224,3.83701,4.40741,4.99414,-9999,-9999
201809,6.983,0.516667,225.606,91.648,0.518056,309.75,0.516667,2.833,0.0,93.792,0.4875,0.753,0.0,2.605,0.456944,-9999,-9999,-9999,-9999,-9999,-9999,-9999,-9999,-9999,-9999,-9999,-9999,-9999,-9999,408.441,0.456944,9.447,6.932,5.9,3.94,2.37,2.089,0.594,0.364,-0.035,0.0,0.516667,0.516667,0.516667,0.516667,0.516667,0.516667,0.516667,0.516667,4.7491,0.561806,11.9377,0.515972,16.5886,-9999,7.8989,0.516667,10.9763,-9999,0.341499,0.0159722,-9999,0.241687,0.2739,0.439696,0.0319444,0.0159722,0.0263889,1.80695,1.64529,1.77591,2.14759,1.65056,1.37246,1.63243,1.72209,3.00915,1.81562,2.19615,3.00808,2.79412,2.44323,2.86101,3.26565,-9999,-9999
201810,2.572,1.0,110.091,45.654,1.0,268.389,1.0,2.614,0.0,92.342,0.991935,0.446,0.0,3.621,0.991935,0.23165101457833723,0.9704301075268817,-13.563489762068178,0.9986559139784947,91.46308367650423,0.9993279569892474,14.162151395561654,0.9993279569892474,24.153288721116454,0.9993279569892474,10.262832732784261,0.9986559139784947,316.40131834820403,0.9993279569892474,410.191,0.990591,3.303,1.487,0.939,0.425,0.27,0.64,0.096,0.388,-0.016,0.0,1.0,1.0,1.0,1.0,1.0,1.0,1.0,1.0,-0.770804,1.0,9.8999,1.0,13.7569,-9999,-19.3676,1.0,-26.9131,-9999,0.372583,0.75336,-9999,0.371894,0.385385,0.490373,0.75336,0.729839,0.804435,1.08734,1.08734,1.11941,1.39042,0.900406,0.689364,0.73388,0.900406,1.69738,1.11547,1.24643,1.69738,1.04807,0.907224,1.07385,1.2708,-9999,-9999
201811,-5.488,1.0,34.7105,12.071,1.0,245.441,1.0,1.404,0.7125,92.31,0.983333,0.372,0.0,2.374,0.658333,0.15544956069185586,0.611111111111111,-25.29268684566025,0.99375,21.663593232860524,0.9993055555555556,14.996318853427898,0.9993055555555556,7.606230791962175,0.9993055555555556,5.799097433299561,0.99375,275.0734781323877,0.9993055555555556,415.224,0.959722,-6.793,-7.29,-6.369,-3.112,-0.765,0.28,0.013,0.406,-0.001,0.0,1.0,1.0,1.0,1.0,1.0,1.0,1.0,1.0,-15.1445,1.0,2.62208,1.0,1.2984,0.241818,-18.2432,1.0,-9.03364,0.644958,0.576235,0.247222,0.00407242,0.521178,0.561861,0.576235,0.434722,0.0916667,0.247222,0.381889,0.541414,0.580015,0.649,0.0952009,-0.0468293,0.0291311,0.167949,0.486915,0.44604,0.485112,0.500788,0.156914,0.137254,0.160938,0.201988,-9999,-9999
201812,-11.478,1.0,8.80509,2.633,1.0,226.072,1.0,0.994,1.0,91.58,0.983871,0.377,0.173387,3.428,0.71371,0.23191669460222733,0.672715053763441,-29.209161515712168,0.993279569892473,4.975499064983637,0.9986559139784946,5.4060279336138395,0.9986559139784946,3.2304815334268353,0.9986559139784946,1.5159190876265864,0.993279569892473,254.20790965404396,0.9986559139784946,415.988,1.0,-11.397,-6.536,-3.978,-2.197,-1.137,-0.13,-0.01,0.417,0.012,0.163978,1.0,1.0,1.0,1.0,1.0,1.0,1.0,1.0,-10.1822,0.985215,5.81698,0.998656,6.72046,0.142034,-24.8916,0.998656,-28.7577,0.593526,0.324089,0.951613,0.00317926,0.271636,0.297399,0.324089,0.989247,0.977823,0.951613,0.241737,0.262937,0.287065,0.331129,-0.00582041,-0.00502043,0.00941902,0.0196637,0.175137,0.170727,0.239533,0.265383,0.000621051,0.000856718,0.000873963,0.00100491,-9999,-9999
201901,-12.069,1.0,19.5513,6.795,0.99664,222.725,1.0,1.274,1.0,92.46,0.959677,0.112,1.0,3.225,0.767473,0.20382752688383218,0.7096774193548387,-27.899417076565243,0.993279569892473,12.604574499169425,0.9979838709677421,11.47795346428536,0.9979838709677421,5.876759496881621,0.9979838709677421,4.499116645778003,0.9952956989247311,251.34684568748568,0.9973118279569892,415.494,0.603495,-11.748,-7.675,-4.908,-3.336,-1.998,-0.884,0.43,0.028,-9999,1.0,1.0,1.0,1.0,1.0,1.0,1.0,1.0,-9999,-9.90146,0.97043,5.88751,0.856855,6.80195,0.127887,-25.0582,0.860215,-28.9502,0.548648,0.292002,0.135753,0.00658689,0.257856,0.271974,0.310921,0.137769,0.137097,0.135081,0.179414,0.166602,0.179147,0.221818,-0.0828151,-0.104141,-0.0828151,-0.0684161,0.279064,0.348371,0.401249,0.50764,0.00987892,0.0217763,0.0369178,0.0713099,-9999,-9999
201902,-7.234,1.0,72.9275,38.772,0.997768,239.069,1.0,1.545,1.0,93.541,0.997768,0.176,1.0,3.066,0.956101,0.16730741686151895,0.9218749999999999,-15.725741672998984,0.9977678571428571,73.79468813323203,0.9992559523809524,64.79299107142857,0.9992559523809524,17.997767857142854,1.0,27.359004400962508,0.9992559523809524,267.0210565476191,1.0,416.3,0.93006,-5.109,-3.765,-2.975,-2.451,-1.64,-1.388,0.07,-0.066,-9999,1.0,1.0,1.0,1.0,1.0,1.0,1.0,1.0,-9999,-7.21777,0.984375,1.16461,0.955357,0.99097,0.0924192,-11.6253,0.969494,-9.892,0.3573,0.23024,0.755208,0.00194194,0.199449,0.223488,0.25962,0.795387,0.756696,0.754464,0.144922,0.139735,0.154369,0.190778,-0.0748722,-0.0748722,-0.0634954,-0.0303928,0.310139,0.33514,0.382598,0.434411,0.0201356,0.0194073,0.029482,0.0408627,-9999,-9999
201903,0.325,1.0,174.198,86.296,0.994624,272.976,1.0,2.872,1.0,92.799,0.989919,0.064,1.0,4.316,0.945565,0.23633005611622704,0.9018817204301076,12.453672040524006,0.9973118279569891,168.84811974053298,0.9986559139784946,86.67292747779335,0.9986559139784946,49.57879850397383,0.9986559139784946,39.68833282976734,0.9973118279569891,307.86779160822823,0.9986559139784946,416.898,0.985215,-0.972,-1.086,-1.426,-1.407,-0.848,-1.025,-0.287,-0.466,-9999,1.0,1.0,1.0,1.0,1.0,1.0,1.0,1.0,-9999,-2.17915,0.974462,13.5945,0.991935,26.437,0.285873,-20.4582,0.993952,-39.7848,0.613401,0.363245,0.912634,0.00399624,0.345287,0.350374,0.374871,0.941532,0.930108,0.90793,0.39156,0.387701,0.40101,0.428766,0.0430335,0.0419139,0.0497939,0.0598117,0.333266,0.323071,0.330091,0.345071,0.0413261,0.0295854,0.0341184,0.0421481,-9999,-9999
201904,0.298,1.0,302.65,177.648,1.0,274.712,1.0,3.249,1.0,92.602,0.980556,0.099,1.0,3.513,0.983333,0.2333684580193456,0.9625,91.01738750000001,0.9979166666666667,342.256282910628,0.9986111111111112,57.42947161835749,0.9986111111111112,70.74958333333333,0.9986111111111112,41.82044112318841,0.9986111111111112,321.13628019323664,0.9986111111111112,418.524,0.98125,2.089,1.545,0.254,-0.196,0.277,-0.19,0.158,-0.245,-9999,1.0,1.0,1.0,1.0,1.0,1.0,1.0,1.0,-9999,-0.00876635,0.983333,17.1063,0.991667,33.2663,0.249922,29.5194,0.996528,57.4058,0.592159,0.526621,0.954861,0.00467505,0.473937,0.511905,0.536702,0.959722,0.95625,0.940972,0.595885,0.553667,0.597111,0.608547,0.093855,0.063513,0.0772379,0.0890147,0.492779,0.487014,0.51391,0.536722,0.0434339,0.0383267,0.04755,0.0553928,-9999,-9999
201905,8.382,1.0,417.272,209.444,1.0,327.02,1.0,5.858,1.0,93.006,0.977823,0.908,1.0,3.715,0.987231,0.2664668135495768,0.9596774193548386,137.81489820506698,0.9946236559139786,414.8825945149851,0.9993279569892473,41.21975077213452,0.9993279569892473,101.54733470601693,0.9993279569892473,39.58384451498513,0.9959677419354839,362.46385695493024,0.9993279569892473,416.464,0.987903,9.407,8.22,4.618,0.856,0.48,-0.185,0.208,-0.186,-9999,1.0,1.0,1.0,1.0,1.0,1.0,1.0,1.0,-9999,7.30615,0.991935,33.9045,0.971774,55.4794,0.384001,44.5869,0.995296,72.9596,0.578796,0.370246,0.934812,0.00982627,0.318674,0.357768,0.38442,0.942204,0.935484,0.930108,1.44958,1.1547,1.51758,1.55057,0.858776,0.832246,1.14045,1.16159,0.843143,0.752087,1.00658,1.09586,0.629609,0.633085,0.820986,0.874477,-9999,-9999
201906,13.834,1.0,476.468,223.475,1.0,370.593,1.0,6.665,1.0,93.541,0.934722,5.253,1.0,2.86,0.966667,0.20798676471630112,0.9472222222222222,162.7430326536643,0.9965277777777778,450.59111805555557,1.0,30.952159722222223,1.0,110.3117361111111,1.0,40.66025458037824,0.9986111111111112,392.6138888888888,1.0,410.014,0.989583,15.058,12.584,7.44,3.112,2.62,0.1,0.262,-0.145,-9999,0.999306,0.999306,0.999306,0.999306,0.999306,0.999306,0.999306,0.999306,-9999,14.5005,0.997917,52.5401,0.995139,88.4472,0.532189,35.175,0.995833,59.2145,0.44376,-0.956945,0.93125,0.0308411,-1.0635,-1.00869,-0.877682,0.9625,0.938194,0.914583,2.21949,2.03214,2.18398,2.30247,3.35477,2.95912,3.08891,3.35059,2.99689,2.74289,2.93356,3.35666,3.95817,3.83181,3.95817,4.33315,-9999,-9999
201907,15.573,0.997312,449.381,200.725,0.992608,376.975,0.997312,6.551,0.997312,93.462,0.917339,1.514,1.0,2.761,0.987231,0.20048333939972504,0.9697580645161291,137.88600331346726,0.9912634408602151,393.36216184762645,0.9952956989247311,24.17479822318384,0.9952956989247311,112.00085532746823,0.9973118279569891,37.596614702628884,0.9912634408602151,401.32726035929716,0.9952956989247311,403.691,0.989919,17.014,15.68,13.643,8.845,5.276,1.684,0.385,-0.085,-9999,0.998656,0.997984,0.997984,0.997984,0.997984,0.997984,0.998656,0.997984,-9999,11.6682,0.995296,48.3884,0.987903,79.9289,0.466275,28.2352,0.989247,46.6394,0.33573,-1.23637,0.941532,0.0249444,-1.2906,-1.23245,-1.20141,0.954973,0.941532,0.940188,3.15331,3.05512,3.15331,3.2696,4.41122,4.35023,4.40673,4.49662,4.09527,4.1957,4.37149,4.61581,5.08274,5.208,5.59976,5.70234,-9999,-9999
201908,10.735,0.979839,350.868,122.259,0.982527,341.015,0.979167,3.36,0.979167,93.756,0.913306,7.314,1.0,3.029,0.289651,-9999,-9999,74.25553533361864,0.9455645161290323,263.71182399927665,0.9462365591397849,17.074478568844945,0.9462365591397849,78.2463127150627,0.9455645161290323,22.6426863194277,0.9462365591397849,370.48157188596844,0.9462365591397849,405.127,0.922043,11.096,10.106,8.59,4.973,4.212,1.815,0.491,-0.025,-9999,0.998656,0.998656,0.998656,0.998656,0.998656,0.998656,0.998656,0.998656,-9999,8.32634,0.983871,25.9686,0.557796,42.8954,0.28482,13.6366,0.567876,22.5251,0.247033,-0.283542,0.466398,0.0383009,-0.327292,-0.304494,-0.279786,0.465054,0.477151,0.466398,2.62544,2.66066,2.70582,2.87564,2.90145,2.9673,3.02652,3.19233,3.01577,2.99205,3.12495,3.34513,3.34343,3.34639,3.45425,3.74766,-9999,-9999
201909,7.329,0.995833,225.606,89.596,0.995139,305.307,0.995139,3.814,0.995833,92.762,0.982639,0.873,1.0,3.533,0.0,-9999,-9999,31.314340811965813,0.99375,189.7014757569558,0.992361111111111,15.433512354519001,0.992361111111111,55.78954594017094,0.99375,16.378284722222226,0.99375,347.04002136752143,0.99375,409.577,0.953472,7.287,6.733,5.826,4.057,2.927,1.223,0.537,0.012,-9999,0.994444,0.994444,0.994444,0.994444,0.994444,0.994444,0.994444,0.994444,-9999,3.68469,0.958333,19.3464,0.0,23.8229,-9999,6.90192,0.0,8.49895,-9999,0.0885969,0.0,-9999,0.0276434,0.0849666,0.133043,0.0,0.0,0.0,2.44246,2.42997,2.49545,2.70613,2.32367,2.32776,2.46381,2.53657,3.08189,2.45524,2.67542,3.38548,2.82534,2.75793,2.8334,3.23597,-9999,-9999
201910,-1.737,1.0,110.091,41.807,0.990591,268.148,1.0,1.432,1.0,92.683,0.991263,0.555,0.633065,3.754,0.0,-9999,-9999,-14.021008064516131,1.0,88.81025537634409,1.0,77.3011491935484,1.0,28.997782258064515,1.0,30.67074596774193,1.0,294.3016129032258,1.0,414.193,0.549731,-0.983,-0.599,-0.554,-0.1,0.459,0.048,0.51,0.039,-9999,1.0,1.0,1.0,1.0,1.0,1.0,1.0,1.0,-9999,0.0297912,0.999328,15.3133,0.0,21.5967,-9999,0.585596,0.0,0.82588,-9999,0.535787,0.0,-9999,0.488512,0.519372,0.563438,0.0,0.0,0.0,1.92317,1.73731,1.90431,2.13792,1.37833,1.21393,1.39938,1.57479,1.64897,0.855997,1.72014,2.16825,1.67267,1.61247,1.67267,1.94566,-9999,-9999
201911,-7.916,0.993056,34.7105,11.777,0.988194,254.149,0.993056,0.891,0.993056,92.4,0.984722,0.966,0.0,2.922,0.0,-9999,-9999,-14.69975787919938,0.9840277777777778,21.81262204333134,0.9902777777777778,21.436752894553763,0.9902777777777778,9.394157970582391,0.9902777777777778,8.419263997604308,0.9861111111111112,271.22301745666226,0.9895833333333334,417.737,0.874306,-5.524,-4.329,-3.393,-0.942,0.292,-0.018,0.491,0.052,-9999,0.993056,0.993056,0.993056,0.993056,0.993056,0.993056,0.993056,0.993056,-9999,-3.68527,0.990278,43.6143,0.0,53.2702,-9999,27.8058,0.0,33.9618,-9999,-0.882687,0.0,-9999,-1.05909,-0.882687,-0.812059,0.0,0.0,0.0,1.52682,1.28192,1.47681,1.69877,2.25186,2.16461,2.44619,2.54919,0.992644,0.398763,1.17493,1.67797,0.641185,0.593742,0.641185,0.769604,-9999,-9999
201912,-13.341,1.0,8.80509,2.979,1.0,213.071,1.0,1.074,1.0,91.516,0.992608,0.245,0.0,2.879,0.0,-9999,-9999,-34.28005672533255,0.9912634408602151,5.764782515442691,0.9993279569892473,5.496508665065202,0.9993279569892473,3.747110215053764,1.0,1.6923950335988256,0.9926075268817204,246.5042338709678,1.0,418.303,0.0,-7.938,-5.082,-3.16,-1.011,0.062,-0.021,0.488,0.06,-9999,1.0,1.0,1.0,1.0,1.0,1.0,1.0,1.0,-9999,-7.2396,0.999328,43.6403,0.0,50.2748,-9999,27.7331,0.0,31.9493,-9999,-0.877517,0.0,-9999,-1.05591,-0.877517,-0.808237,0.0,0.0,0.0,1.1734,0.954638,1.12024,1.3062,1.8923,1.83216,2.05864,2.19594,0.755306,0.367301,0.867677,1.26516,0.205261,0.183328,0.19757,0.254399,-9999,-9999
202001,-22.423,1.0,19.5513,7.501,0.995296,184.562,1.0,0.377,1.0,92.4,0.993952,0.235,0.0,2.121,0.0,-9999,-9999,-21.90059425760695,0.9993279569892473,13.141948924731182,1.0,14.482990591397852,1.0,6.954032258064516,1.0,5.572325268817204,1.0,207.5491935483871,1.0,423.124,0.0,-10.861,-7.551,-5.056,-2.8,-1.552,-0.414,0.501,0.077,-9999,1.0,1.0,1.0,1.0,1.0,1.0,1.0,1.0,-9999,-9.36037,1.0,43.5538,0.0,44.5504,-9999,27.7785,0.0,28.4141,-9999,-0.917804,0.0,-9999,-1.03659,-0.916646,-0.843022,0.0,0.0,0.0,1.11014,1.00856,1.03376,1.06855,1.80546,1.8622,1.93698,2.05181,1.04907,1.02071,1.02939,1.04134,0.43574,0.419421,0.423911,0.442561,-9999,-9999
202002,-14.129,1.0,74.4189,42.559,0.996408,201.246,1.0,0.874,1.0,92.322,0.991379,0.39,0.0,3.03,0.0,-9999,-9999,-20.086647866226457,0.9992816091954023,81.11781609195404,1.0,69.4332040229885,1.0,20.80079022988506,1.0,29.872585901198335,0.9992816091954023,237.10452586206895,1.0,421.166,0.659483,-7.343,-5.365,-3.874,-2.498,-1.561,-0.819,0.489,0.086,-9999,1.0,1.0,1.0,1.0,1.0,1.0,1.0,1.0,-9999,-6.88533,0.97773,64.2611,0.0,54.6801,-9999,12.7145,0.0,10.8188,-9999,-1.42133,0.0,-9999,-1.4744,-1.35905,-1.32129,0.0,0.0,0.0,1.68301,1.58825,1.61207,1.64854,3.0384,2.89788,2.9692,3.04001,1.75528,1.70783,1.72236,1.74235,1.70265,1.67523,1.68745,1.71703,-9999,-9999
202003,-10.822,1.0,178.21,100.915,0.986559,218.799,1.0,1.088,1.0,93.442,0.997984,0.772,0.0,3.126,0.0,-9999,-9999,-7.0341788206360105,0.9993279569892473,211.53799731182795,1.0,184.8105443548387,1.0,53.531989247311834,1.0,76.814948667353,0.9993279569892473,254.55369623655918,1.0,420.43,0.985887,-4.91,-3.874,-3.197,-2.508,-1.757,-1.327,0.328,0.081,-9999,1.0,1.0,1.0,1.0,1.0,1.0,1.0,1.0,-9999,-3.97878,0.997312,66.8586,0.0,46.0328,-9999,10.1639,0.0,6.99798,-9999,-1.46554,0.0,-9999,-1.54155,-1.40894,-1.36467,0.0,0.0,0.0,1.91385,1.82323,1.84615,1.88106,3.31932,3.175,3.25266,3.32279,2.04373,1.98848,2.00539,2.02868,3.17519,3.16234,3.1878,3.20125,-9999,-9999
202004,-1.258,1.0,306.853,174.442,0.986111,253.632,1.0,2.45,1.0,93.136,0.95,0.45,0.0,3.176,0.0,-9999,-9999,36.021841485507245,0.9986111111111112,379.23444987922704,0.9986111111111112,241.31182759661837,0.9986111111111112,92.38535326086956,0.9986111111111112,98.5672324879227,0.9986111111111112,299.2658031400967,0.9986111111111112,420.567,0.981944,-1.659,-1.293,-1.21,-1.037,-0.509,-0.661,0.162,-0.072,-9999,1.0,1.0,0.999306,0.998611,1.0,1.0,1.0,1.0,-9999,-1.88824,0.998611,67.1963,0.0,75.1824,-9999,10.2285,0.0,11.4441,-9999,-1.46349,0.0,-9999,-1.53774,-1.40757,-1.36297,0.0,0.0,0.0,2.47623,2.41196,2.42841,2.45852,3.88137,3.77719,3.83424,3.90312,2.79959,2.72391,2.74708,2.77898,4.62608,4.61466,4.6587,4.68361,-9999,-9999
202005,8.984,1.0,420.321,223.4,1.0,288.015,1.0,6.482,1.0,93.195,0.973118,0.512,0.0,3.104,0.0,-9999,-9999,114.04342654277701,0.9986559139784946,469.0950537634409,1.0,43.78522849462365,1.0,100.21041666666667,1.0,41.54273667601684,0.9986559139784946,360.8302857643758,0.9986559139784946,415.693,0.0141129,9.963,8.776,7.365,3.48,1.294,-0.055,0.334,-0.076,-9999,1.0,1.0,1.0,1.0,1.0,1.0,1.0,1.0,-9999,6.84536,0.997984,62.0292,0.0,83.5593,-9999,16.5601,0.0,22.3081,-9999,-1.33057,0.0,-9999,-1.45815,-1.35399,-1.24818,0.0,0.0,0.0,2.93356,2.90847,2.91331,2.93356,4.28647,4.11665,4.25884,4.43628,3.46172,3.36813,3.39679,3.43623,5.51012,5.49689,5.54405,5.57454,-9999,-9999
202006,11.212,0.99375,477.008,205.931,0.994444,319.066,0.99375,5.277,0.993056,92.975,0.972917,1.615,0.216667,2.804,0.0,-9999,-9999,114.69894596883468,0.9902777777777777,443.91054199805586,0.9888888888888888,27.981252930953215,0.9888888888888888,109.5347191950643,0.9895833333333334,39.10691717479675,0.9902777777777777,376.09453929539285,0.9902777777777777,412.167,0.878472,13.13,12.375,11.112,8.075,3.929,0.322,0.357,-0.053,-9999,0.99375,0.99375,0.99375,0.994444,0.99375,0.99375,0.99375,0.994444,-9999,11.1883,0.993056,50.7502,0.0,65.8347,-9999,26.0511,0.0,33.7943,-9999,-1.23243,0.0,-9999,-1.49037,-1.33762,-1.13765,0.0,0.0,0.0,3.02133,3.00377,3.00691,3.02133,4.34158,4.032,4.30462,4.54673,3.59191,3.4948,3.52453,3.56546,5.43754,5.42234,5.45882,5.49404,-9999,-9999
202007,12.482,1.0,447.107,168.405,1.0,337.165,1.0,4.474,1.0,93.289,0.947581,0.065,1.0,2.712,0.0806452,-9999,-9999,93.75593706171108,0.9986559139784946,360.6369448340345,0.9986559139784946,20.094860039738197,0.9986559139784946,118.09963768115942,0.9986559139784946,32.31134700794764,0.9986559139784946,380.8974754558205,0.9986559139784946,404.527,1.0,13.929,13.08,11.789,9.644,5.156,0.878,0.43,-0.02,-9999,1.0,1.0,1.0,1.0,1.0,1.0,1.0,1.0,-9999,10.0547,1.0,42.7433,0.219086,52.6337,0.658977,14.1647,0.223118,17.4423,0.585147,-0.555928,0.194892,0.0410005,-0.994017,-0.728222,-0.484972,0.205645,0.202957,0.182124,3.1349,3.12197,3.13655,3.151,3.85325,3.5251,3.82292,4.10175,3.70528,3.60191,3.64148,3.67434,4.95561,4.93061,4.96652,4.9913,-9999,-9999
202008,11.667,0.991263,346.982,151.166,0.991935,324.457,0.991263,4.342,0.991263,92.816,0.909274,0.13,1.0,2.901,0.965726,0.20393700470372803,0.9455645161290323,75.35843787335722,0.9858870967741935,323.50009483273595,0.9858870967741935,19.365240442054958,0.9858870967741935,81.30094086021505,0.9858870967741935,29.22901135005974,0.9858870967741935,373.3377165471923,0.9858870967741935,406.369,0.992608,12.869,11.989,10.962,9.361,6.249,2.425,0.665,0.033,-9999,1.0,1.0,1.0,1.0,1.0,1.0,1.0,1.0,-9999,7.94125,1.0,35.3987,0.991935,43.5896,0.41917,19.4845,0.991935,23.993,0.408681,-0.099433,0.986559,0.0221534,-0.309198,-0.225654,-0.073332,0.991935,0.991263,0.986559,2.95561,2.63833,2.94013,3.27662,3.16579,2.94752,3.16579,3.33651,3.67801,3.34288,3.63707,3.81179,3.44874,3.3592,3.48105,3.59167,-9999,-9999
202009,5.385,0.938194,221.47,87.918,0.941667,299.653,0.938194,2.935,0.938194,92.954,0.933333,0.704,1.0,3.494,0.765278,0.2721236468646046,0.6652777777777779,27.003994659151907,0.882638888888889,185.82500110037574,0.882638888888889,14.492726368760065,0.882638888888889,49.48612734836285,0.882638888888889,16.191176368760065,0.882638888888889,341.9535807836822,0.882638888888889,410.48,0.11875,6.337,5.88,5.341,4.644,3.626,1.397,0.812,0.082,-9999,0.98125,0.98125,0.98125,0.98125,0.98125,0.98125,0.98125,0.98125,-9999,2.55352,0.518056,15.1271,0.443056,18.6274,0.264299,-0.918993,0.445833,-1.13164,0.441645,0.0995527,0.139583,0.0269498,0.0929397,0.102835,0.109309,0.143056,0.140972,0.140278,1.61207,1.53938,1.59953,1.60728,1.51872,1.43008,1.49849,1.50659,1.5136,1.39295,1.41406,1.5136,1.1524,1.05464,1.145,1.16571,-9999,-9999
202010,-3.287,1.0,106.852,46.032,0.994624,264.814,1.0,1.862,1.0,93.09,0.96707,0.016,1.0,3.488,0.990591,0.21627677005297563,0.9737903225806451,-9.09495546860235,0.9926075268817204,94.23557795698922,0.9939516129032259,42.167678237494165,0.9932795698924731,26.72217157550257,0.9932795698924731,20.774331999194292,0.9926075268817204,299.1714802477793,0.9932795698924731,414.336,0.0,-1.246,-0.937,-0.829,-0.723,-0.107,0.297,0.621,0.108,-9999,1.0,1.0,1.0,1.0,0.757392,1.0,1.0,1.0,-9999,-1.67451,1.0,6.23484,0.998656,8.79315,0.186901,-5.80767,1.0,-8.19069,0.400228,0.288646,0.0611559,0.0104993,0.290552,0.297504,0.32999,0.0611559,0.0611559,0.0490591,0.893627,0.867159,0.875626,0.886847,0.598212,0.522395,0.569677,0.596421,0.739457,0.683724,0.693856,0.80481,0.327307,0.293685,0.320569,0.325962,-9999,-9999
202011,-9.904,1.0,33.1259,13.097,0.988194,232.654,1.0,1.2,1.0,92.004,0.999306,0.115,1.0,3.446,0.826389,0.22138431287413887,0.7916666666666666,-25.70985081329017,0.9979166666666667,24.827108894799053,0.9993055555555554,23.792433067375885,0.9993055555555554,7.868828309692674,0.9993055555555554,10.282995413197654,0.9979166666666667,263.16882535460985,0.9993055555555554,416.183,0.809722,-6.852,-5.488,-3.9,-2.116,-1.118,-0.016,0.556,0.117,-9999,1.0,1.0,1.0,1.0,0.0,1.0,1.0,1.0,-9999,-4.36526,0.999306,5.07544,0.961111,7.15801,0.227974,-22.5912,0.983333,-31.8608,0.548537,0.50447,0.869444,0.00638815,0.45201,0.50447,0.510337,0.896528,0.869444,0.871528,0.398066,0.371073,0.398534,0.420107,-0.0603171,-0.101275,-0.090471,-0.0775446,0.347511,0.274345,0.31705,0.39401,0.0125404,0.00438362,0.00455982,0.00666854,-9999,-9999
202012,-14.026,1.0,8.6097,2.717,1.0,227.96,1.0,0.914,1.0,91.665,0.997312,0.032,1.0,3.674,0.602823,0.23818614215188594,0.5389784946236559,-29.721736457183212,0.9952956989247311,5.915913978494623,1.0,5.635900537634408,1.0,2.792069892473118,1.0,2.330053241224275,0.9959677419354839,256.42956989247307,1.0,418.558,0.981183,-7.654,-5.675,-3.916,-2.084,-0.095,-0.031,0.544,0.12,-9999,1.0,1.0,1.0,1.0,0.0678763,1.0,1.0,1.0,-9999,-13.2947,1.0,6.12263,0.944892,6.32139,0.271134,-23.2796,0.93078,-24.0353,0.565095,0.261466,0.86828,0.00537486,0.258724,0.262499,0.27706,0.86828,0.870968,0.879032,0.215472,0.221619,0.232219,0.247215,-0.0351625,-0.0467946,-0.0397381,-0.0349601,0.250837,0.21683,0.257592,0.290705,0.0,0.0,0.0,0.0,-9999,-9999
202101,-9.669,1.0,19.5513,7.317,1.0,235.477,1.0,1.43,1.0,91.605,1.0,0.016,1.0,3.311,0.653226,0.23489814471338782,0.5873655913978495,-32.83100706360101,0.9993279569892473,14.592560483870967,1.0,13.359173387096773,1.0,6.380577956989248,1.0,5.491908602150537,1.0,268.4727822580645,1.0,420.549,0.969758,-8.958,-6.937,-4.868,-2.724,-0.156,0.543,0.124,-9999,-9999,1.0,1.0,1.0,1.0,1.0,1.0,1.0,-9999,-9999,-14.9284,1.0,4.51935,0.898522,4.57945,0.235652,-24.2607,0.981855,-24.5833,0.660339,0.449611,0.843414,0.00521966,0.403823,0.429324,0.455231,0.868952,0.864247,0.840054,0.288634,0.289099,0.313644,0.418016,-0.136365,-0.164929,-0.13852,0.00840715,0.256907,0.24459,0.265423,0.305945,0.012711,0.00523405,0.0129029,0.0259532,-9999,-9999
202102,-18.029,1.0,72.9275,36.375,0.99628,218.964,1.0,0.696,1.0,92.802,0.991815,0.07,1.0,2.934,0.805804,0.20340419684479588,0.7797619047619048,-12.591643463099157,0.9933035714285714,68.0618675595238,1.0,65.59417410714285,1.0,22.2391369047619,1.0,28.477267245936307,0.9970238095238094,240.5357886904762,1.0,422.555,1.0,-9.345,-7.358,-5.367,-3.292,-9999,0.558,0.13,-9999,-9999,1.0,1.0,1.0,1.0,-9999,0.755208,1.0,-9999,-9999,-12.3322,1.0,2.97827,0.973958,2.53423,0.177385,-14.0935,0.973214,-11.9922,0.772799,0.343364,0.912946,0.00559093,0.319487,0.338368,0.349263,0.924851,0.916667,0.915179,0.194458,0.192232,0.195476,0.235949,-0.134305,-0.147754,-0.13712,-0.0961351,0.21528,0.193463,0.207591,0.216317,0.00405723,0.0037016,0.0182629,0.0211478,-9999,-9999
202103,-13.56,0.998656,174.198,103.233,0.989919,213.775,0.998656,0.788,0.998656,92.617,0.99328,0.016,1.0,2.853,0.938844,0.15854903910022264,0.8944892473118279,-13.311527370478984,0.9973118279569891,215.23574718963832,0.9973118279569891,188.39765823558164,0.9973118279569891,59.71438782991203,0.9973118279569891,79.61672409579667,0.9973118279569891,252.62748044965787,0.9973118279569891,423.61,0.997312,-5.846,-4.657,-3.518,-2.262,-9999,-9999,0.135,-9999,-9999,0.998656,0.997984,0.997984,0.997984,-9999,-9999,0.998656,-9999,-9999,-7.59516,0.995968,0.256151,0.994624,0.176363,0.0548412,-10.102,0.99328,-6.95535,0.382936,0.194551,0.913306,0.0023713,0.191081,0.194201,0.196921,0.926075,0.916667,0.899194,0.205877,0.204225,0.212952,0.224888,0.0116116,0.0126607,0.0183921,0.025185,0.167831,0.152772,0.154871,0.16573,0.00158786,0.0,0.0,0.00158786,-9999,-9999
202104,-3.891,1.0,302.65,198.833,0.997917,232.972,1.0,2.944,1.0,93.379,0.977778,0.425,1.0,3.716,0.993056,0.18487012484995338,0.9750000000000001,8.774750000000001,1.0,416.5734357269503,0.9993055555555554,343.9145277777778,0.9993055555555554,70.98531914893617,0.9993055555555554,137.90736805555554,1.0,289.2423611111111,1.0,424.353,1.0,-1.418,-1.151,-1.049,-0.811,-9999,-9999,0.137,-9999,-9999,0.9625,0.963889,0.961806,0.961111,-9999,-9999,1.0,-9999,-9999,-2.07059,0.999306,4.92805,0.99375,5.51375,0.173664,-12.2031,0.993056,-13.6534,0.435549,0.347366,0.900694,0.00416976,0.312922,0.327135,0.34522,0.822222,0.864583,0.926389,0.352199,0.33867,0.339412,0.347095,-0.000930424,-0.00718095,0.00662021,0.0257878,0.642584,0.594903,0.950475,1.33672,0.019459,0.00811027,0.0157199,0.01694,-9999,-9999
202105,6.02,1.0,417.272,217.812,1.0,281.105,1.0,4.63,1.0,93.132,0.964382,0.507,1.0,3.14,0.976478,0.22924587013885375,0.9583333333333334,98.22764885037749,0.9993279569892473,462.38067976435593,0.9993279569892473,91.86746439601923,0.9993279569892473,101.54437529219261,0.9986559139784947,56.740138269274766,0.9993279569892473,347.29205130404944,0.9993279569892473,422.206,0.861559,8.405,8.005,7.173,4.772,-9999,-9999,0.146,-9999,-9999,0.976478,0.976478,0.976478,0.976478,-9999,-9999,1.0,-9999,-9999,4.53554,1.0,27.4456,0.988575,42.5184,0.331584,32.8583,1.0,50.9036,0.655371,0.107455,0.827285,0.0104279,0.0577962,0.080231,0.0940943,0.723118,0.834005,0.827957,0.821318,0.831271,0.900122,0.976977,0.749655,0.752366,0.815059,0.873361,1.42045,0.940429,1.02733,1.23907,0.915581,0.952975,1.04184,1.17884,-9999,-9999
202106,11.912,0.997222,476.468,216.446,0.997222,315.503,0.997222,6.114,0.997222,93.096,0.959722,1.783,1.0,3.296,0.990972,0.24660926460483915,0.9694444444444444,112.24698141534391,0.9930555555555556,458.96425635624223,0.9930555555555556,32.341510587639306,0.9930555555555556,109.82542913430146,0.9930555555555556,41.560933637284705,0.9930555555555556,380.1651715214455,0.9930555555555556,416.008,0.9875,14.446,13.916,13.237,11.023,-9999,-9999,0.152,-9999,-9999,0.997222,0.997222,0.997222,0.997222,-9999,-9999,0.997222,-9999,-9999,11.3312,0.996528,49.9495,0.995833,57.1925,0.468513,38.7675,0.996528,44.3891,0.552871,-1.12367,0.968056,0.0226488,-1.1327,-1.12068,-1.114,0.961111,0.96875,0.969444,2.03844,1.98224,2.02727,2.03844,3.14906,3.11001,3.13683,3.15631,2.51771,2.62625,3.00541,3.05839,3.79722,3.73899,4.02396,4.07864,-9999,-9999
202107,13.617,0.995968,449.381,196.422,0.995968,328.526,0.995968,6.535,0.993952,93.44,0.955645,1.14,0.947581,3.292,0.96707,0.25259863374416147,0.9482526881720431,99.88673544197736,0.9932795698924731,406.9096873690826,0.9932795698924731,25.677258239072756,0.9932795698924731,98.98763789973466,0.9932795698924731,38.96112231182796,0.9932795698924731,387.32369868035187,0.9932795698924731,408.35,0.840726,15.697,15.237,14.685,13.406,-9999,-9999,0.158,-9999,-9999,1.0,1.0,1.0,1.0,-9999,-9999,1.0,-9999,-9999,8.62795,0.999328,44.6908,0.99328,53.5171,0.37782,31.9435,0.995296,38.2522,0.496339,-1.27961,0.781586,0.0232566,-1.3851,-1.32249,-1.28019,0.787634,0.783602,0.782258,2.78895,2.50688,2.6912,2.80443,4.1246,3.78574,4.03076,4.11159,3.47222,3.0954,3.2934,3.45291,4.85445,4.74733,4.85977,4.96034,-9999,-9999
202108,10.001,1.0,350.868,125.874,1.0,339.514,1.0,3.617,1.0,93.083,0.961694,2.71,0.922715,2.764,0.915323,0.2151413950339736,0.8884408602150536,76.1239162948982,0.9979838709677419,261.60393817204306,1.0,21.52879704301075,1.0,83.49482526881721,1.0,24.518219657973003,0.9979838709677419,364.36249999999995,1.0,408.121,1.0,11.222,10.781,10.266,9.42,-9999,-9999,0.176,-9999,-9999,1.0,1.0,1.0,1.0,-9999,-9999,1.0,-9999,-9999,6.43625,1.0,23.8451,0.631048,37.1576,0.270281,16.8166,0.999328,26.2051,0.342028,0.270832,0.515457,0.0222647,-0.0115914,0.179362,0.300867,0.555108,0.535618,0.520833,2.63585,2.23512,2.63603,2.7161,2.51992,2.1265,2.38671,2.50969,2.92597,2.6364,2.89284,3.58092,3.62471,3.07542,3.31358,3.71536,-9999,-9999
202109,3.17,1.0,225.606,107.277,1.0,283.337,1.0,2.952,1.0,92.392,0.961806,0.867,1.0,2.966,0.969444,0.20355288642267133,0.9493055555555556,30.474930555555556,1.0,218.63800694444447,1.0,46.558055555555555,1.0,55.30361111111111,1.0,34.89317361111111,1.0,325.7372222222222,1.0,413.85,1.0,3.971,3.477,2.996,2.684,-9999,-9999,0.187,-9999,-9999,1.0,1.0,1.0,1.0,-9999,-9999,1.0,-9999,-9999,2.26919,1.0,13.9056,0.994444,18.9221,0.239334,7.41907,0.997222,10.0955,0.4012,0.719289,0.977778,0.00774414,0.655514,0.675132,0.700222,0.979167,0.960417,0.977778,1.38541,1.32767,1.39409,1.40447,0.689145,0.681447,0.693671,0.717699,1.48258,1.34584,1.42634,1.48997,0.802435,0.767746,0.813682,0.86,-9999,-9999
202110,-2.518,1.0,110.091,42.38,0.99664,276.046,1.0,1.479,1.0,91.715,0.978495,0.306,1.0,3.366,0.719758,0.21975972885563805,0.6754032258064516,-10.442818477514844,0.9966397849462364,81.82695359981301,0.9986559139784946,62.453396154745214,0.9986559139784946,33.40521271622254,0.9986559139784946,31.967434256661992,0.9973118279569891,293.72989130434786,0.9986559139784946,421.314,1.0,-2.068,-1.377,-1.027,-0.572,-9999,-9999,0.194,-9999,-9999,1.0,1.0,1.0,1.0,-9999,-9999,1.0,-9999,-9999,-0.825211,1.0,5.07633,0.891801,3.72257,0.182503,-18.6279,0.964382,-13.6602,0.458844,0.681529,0.829301,0.00530584,0.649607,0.65633,0.669471,0.823925,0.83871,0.83871,0.598854,0.598769,0.614233,0.626887,-0.0726642,-0.0657558,-0.0432699,-0.0332035,0.513321,0.537612,0.552421,0.595791,0.0313315,0.0136109,0.0214226,0.0481536,-9999,-9999
202111,-19.208,1.0,34.7106,12.518,0.998611,218.461,1.0,0.447,1.0,92.168,0.976389,0.033,1.0,2.045,0.277778,-9999,-9999,-14.664068848950501,0.9944444444444444,17.75438888888889,0.9972222222222221,15.615934974747471,0.9972222222222221,12.30183712121212,0.9972222222222221,8.678823303066121,0.9944444444444444,233.85969696969698,0.9972222222222221,425.086,1.0,-6.684,-5.042,-3.599,-2.312,-9999,-9999,0.195,-9999,-9999,1.0,1.0,1.0,1.0,-9999,-9999,1.0,-9999,-9999,-6.34083,1.0,4.22524,0.484028,3.15894,0.146458,-18.6659,0.811806,-13.9553,0.392168,0.375534,0.268056,0.00461298,0.363769,0.371945,0.373627,0.276389,0.268056,0.26875,0.169383,0.169203,0.169917,0.243561,-0.203115,-0.202799,-0.193153,-0.132301,0.170157,0.220399,0.233917,0.264244,0.000324291,0.0120185,0.0184016,0.0397739,-9999,-9999
202112,-13.89,0.994624,8.80509,3.987,0.995968,237.337,0.994624,0.514,0.994624,92.574,0.961694,0.645,1.0,4.2,0.762097,0.24085869807694377,0.7036290322580645,-17.791861473485213,0.9825268817204301,5.987972350230416,0.9865591397849462,4.642654569892473,0.9865591397849462,5.355357142857143,0.9865591397849462,1.6219361449308518,0.9831989247311828,254.74974078341015,0.9865591397849462,423.617,0.994624,-4.188,-3.114,-2.238,-1.346,-9999,-9999,0.194,-9999,-9999,0.994624,0.994624,0.994624,0.994624,-9999,-9999,0.994624,-9999,-9999,-8.02267,0.994624,3.98168,0.976478,3.03385,0.272724,-17.8708,0.979839,-13.6167,0.480745,0.326128,0.91129,0.0040448,0.324373,0.326702,0.340085,0.910618,0.91129,0.916667,0.269838,0.270481,0.290563,0.295434,-0.0590384,-0.055909,-0.0495221,-0.0345313,0.309443,0.302341,0.304504,0.307153,0.0130433,8.87493e-05,0.00148558,0.00356142,-9999,-9999
