TIMESTAMP,TA_F,TA_F_QC,SW_IN_POT,SW_IN_F,SW_IN_F_QC,LW_IN_F,LW_IN_F_QC,VPD_F,VPD_F_QC,PA_F,PA_F_QC,P_F,P_F_QC,WS_F,WS_F_QC,USTAR,USTAR_QC,NETRAD,NETRAD_QC,PPFD_IN,PPFD_IN_QC,PPFD_OUT,PPFD_OUT_QC,SW_DIF,SW_DIF_QC,SW_OUT,SW_OUT_QC,LW_OUT,LW_OUT_QC,CO2_F_MDS,CO2_F_MDS_QC,TS_F_MDS_1,TS_F_MDS_2,TS_F_MDS_3,TS_F_MDS_4,TS_F_MDS_5,TS_F_MDS_6,TS_F_MDS_1_QC,TS_F_MDS_2_QC,TS_F_MDS_3_QC,TS_F_MDS_4_QC,TS_F_MDS_5_QC,TS_F_MDS_6_QC,SWC_F_MDS_1,SWC_F_MDS_2,SWC_F_MDS_3,SWC_F_MDS_4,SWC_F_MDS_5,SWC_F_MDS_6,SWC_F_MDS_1_QC,SWC_F_MDS_2_QC,SWC_F_MDS_3_QC,SWC_F_MDS_4_QC,SWC_F_MDS_5_QC,SWC_F_MDS_6_QC,G_F_MDS,G_F_MDS_QC,LE_F_MDS,LE_F_MDS_QC,LE_CORR,LE_RANDUNC,H_F_MDS,H_F_MDS_QC,H_CORR,H_RANDUNC,NEE_VUT_REF,NEE_VUT_REF_QC,NEE_VUT_REF_RANDUNC,NEE_VUT_25,NEE_VUT_50,NEE_VUT_75,NEE_VUT_25_QC,NEE_VUT_50_QC,NEE_VUT_75_QC,RECO_NT_VUT_REF,RECO_NT_VUT_25,RECO_NT_VUT_50,RECO_NT_VUT_75,GPP_NT_VUT_REF,GPP_NT_VUT_25,GPP_NT_VUT_50,GPP_NT_VUT_75,RECO_DT_VUT_REF,RECO_DT_VUT_25,RECO_DT_VUT_50,RECO_DT_VUT_75,GPP_DT_VUT_REF,GPP_DT_VUT_25,GPP_DT_VUT_50,GPP_DT_VUT_75,RECO_SR,RECO_SR_N
201701,-1.649,0.0,160.169,68.01,0.0,268.049,0.0,1.658,0.0,97.27,0.0,3.57,0.0,3.075,0.0,-9999,-9999,-9999,-9999,-9999,-9999,-9999,-9999,-9999,-9999,-9999,-9999,-9999,-9999,-9999,-9999,-9999,-9999,-9999,-9999,-9999,-9999,-9999,-9999,-9999,-9999,-9999,-9999,-9999,-9999,-9999,-9999,-9999,-9999,-9999,-9999,-9999,-9999,-9999,-9999,-3.52778,0.0,5.94002,0.0,8.32029,-9999,55.5766,0.0,77.847,-9999,1.54389,0.0,-9999,1.51175,1.54389,1.54581,0.0,0.0,0.0,1.73595,1.72372,1.73595,1.73756,0.192059,0.17203,0.192059,0.223751,0.943785,0.947536,0.95885,0.964307,0.110365,0.10194,0.10618,0.110365,-9999,-9999
201702,-1.002,0.00892857,222.419,117.969,0.00967262,263.209,0.00892857,2.031,0.00892857,97.015,0.00744048,3.466,0.00744048,3.217,0.00446429,-9999,-9999,-9999,-9999,-9999,-9999,-9999,-9999,-9999,-9999,-9999,-9999,-9999,-9999,-9999,-9999,-9999,-9999,-9999,-9999,-9999,-9999,-9999,-9999,-9999,-9999,-9999,-9999,-9999,-9999,-9999,-9999,-9999,-9999,-9999,-9999,-9999,-9999,-9999,-9999,-3.53111,0.00892857,5.7885,0.00892857,7.73172,0.260258,54.8602,0.00892857,73.2768,1.36842,1.571,0.00892857,0.0103683,1.53945,1.571,1.57126,0.00892857,0.00892857,0.00892857,1.83528,1.82453,1.83528,1.83637,0.264284,0.24694,0.264284,0.29456,1.00124,1.00493,1.0166,1.02245,0.132317,0.124008,0.129284,0.132317,-9999,-9999
201703,-2.475,1.0,309.276,150.684,1.0,247.055,1.0,2.305,1.0,97.487,0.998656,1.039,1.0,3.8,0.902554,0.722477569536618,0.8965053763440859,66.26150711084918,0.9973118279569892,294.98083482538067,0.9973118279569892,35.22217623815065,0.9973118279569892,54.874961144599276,0.9973118279569892,24.57319830304478,0.9973118279569892,306.9446372708464,0.9973118279569892,415.788,0.96371,0.352,0.94,2.119,2.03,2.589,2.544,1.0,1.0,1.0,1.0,1.0,1.0,-9999,-9999,-9999,-9999,-9999,-9999,-9999,-9999,-9999,-9999,-9999,-9999,-3.1633,0.899194,9.50133,0.971102,12.691,0.155713,45.2423,0.992608,60.4302,0.740762,0.607139,0.922715,0.00893739,0.597921,0.602906,0.60434,0.901882,0.922715,0.922715,0.846684,0.816614,0.836564,0.844173,0.236166,0.215628,0.233892,0.240718,0.607,0.538025,0.546243,0.600871,0.089413,0.0769771,0.083414,0.0860008,-9999,-9999
201704,8.917,1.0,396.256,176.882,1.0,312.226,1.0,5.043,1.0,97.419,0.998611,2.684,1.0,3.077,0.859722,0.6014640688861457,0.8333333333333335,103.08364428384213,0.99375,353.2985852541372,0.9979166666666667,25.43655804810361,0.9979166666666667,82.58447951999179,0.9965277777777779,22.984054945266728,0.9979166666666667,363.85542652550794,0.9944444444444446,417.505,0.981944,6.322,6.078,5.655,4.946,5.151,-9999,1.0,1.0,1.0,1.0,1.0,-9999,-9999,-9999,-9999,-9999,-9999,-9999,-9999,-9999,-9999,-9999,-9999,-9999,3.46269,0.984028,24.8646,0.969444,31.3534,0.342266,54.558,0.976389,68.7958,0.941072,1.23364,0.95625,0.0203566,1.22063,1.2327,1.24136,0.959028,0.949306,0.950694,2.26609,2.25378,2.27284,2.29346,1.03245,1.03315,1.04227,1.05135,1.75494,1.73732,1.88591,2.00487,0.974484,0.785289,0.8622,0.964678,-9999,-9999
201705,11.306,1.0,459.108,176.171,1.0,336.045,1.0,4.882,1.0,97.07,0.997312,5.682,1.0,2.854,0.790995,0.5328627894348844,0.7345430107526881,112.99847351740223,0.9952956989247311,359.8951868727184,0.9966397849462366,18.394391493340496,0.9966397849462366,103.29092449742872,0.9973118279569892,25.149395453482942,0.9973118279569892,376.66382363253854,0.9973118279569892,414.329,0.983871,10.163,10.022,9.646,8.963,9.054,-9999,1.0,1.0,1.0,1.0,1.0,-9999,-9999,-9999,-9999,-9999,-9999,-9999,-9999,-9999,-9999,-9999,-9999,-9999,3.65563,0.993952,41.741,0.97043,51.3359,0.552015,44.0131,0.991935,54.1303,0.800732,1.28301,0.832661,0.0360999,1.24653,1.29336,1.47702,0.832661,0.830645,0.817204,4.18723,4.10499,4.18723,5.08317,2.90422,2.87194,2.95483,3.4613,4.44379,4.48251,4.71735,4.87041,3.51056,3.4703,3.56393,3.63232,-9999,-9999
201706,17.959,1.0,486.268,238.886,1.0,356.307,1.0,7.556,1.0,97.183,0.997917,3.909,1.0,2.767,0.897222,0.49021626915260674,0.8722222222222222,148.10198316245246,0.9972222222222222,485.5038476590606,0.9965277777777778,16.62992330275465,0.9965277777777778,101.49686671292012,0.9979166666666667,40.10095922628226,0.9979166666666667,409.910833718779,0.9979166666666667,408.1,0.98125,14.693,14.339,14.378,12.631,12.502,-9999,0.815972,0.815972,0.815972,0.815278,0.815278,-9999,-9999,-9999,-9999,-9999,-9999,-9999,-9999,-9999,-9999,-9999,-9999,-9999,5.83945,0.990278,80.7983,0.988889,107.775,0.804149,26.1326,0.990972,34.8576,0.630835,-3.55013,0.633333,0.102802,-3.63583,-3.56132,-3.51029,0.639583,0.633333,0.6,5.76247,5.7644,5.91821,6.1047,9.31719,9.31941,9.51745,9.6761,5.03859,4.66068,5.10902,5.26533,8.9877,8.60722,8.7012,8.82921,-9999,-9999
201707,19.799,0.99328,472.923,226.236,0.99328,368.15,0.99328,7.079,0.99328,97.402,0.991935,2.208,1.0,2.363,0.909946,0.38484799432967354,0.8790322580645161,137.58363516001376,0.9892473118279569,451.3369580800997,0.9905913978494625,14.688620753467353,0.9905913978494625,94.37705800997351,0.9905913978494625,36.0673313675609,0.9899193548387096,418.7629143747161,0.9899193548387096,401.128,0.929435,16.766,16.533,16.366,14.987,14.765,-9999,1.0,1.0,1.0,1.0,1.0,-9999,-9999,-9999,-9999,-9999,-9999,-9999,-9999,-9999,-9999,-9999,-9999,-9999,5.09079,0.989247,92.9784,0.969086,121.97,0.980095,12.1518,0.971102,15.9408,0.545692,-4.68932,0.859543,0.10671,-4.93412,-4.78018,-4.66506,0.790323,0.862231,0.866935,6.51597,6.59824,6.68753,6.80442,11.2961,11.4292,11.4733,11.6167,6.30512,4.46951,5.01238,5.51785,10.4218,10.1697,10.5159,10.8381,-9999,-9999
201708,19.031,0.997312,421.639,220.512,0.997984,355.058,0.997312,6.59,0.997312,97.632,0.969758,3.345,1.0,2.292,0.918011,0.3491757623134604,0.9065860215053765,125.76180765271104,0.9932795698924731,459.96899942804845,0.9926075268817205,15.811629604209562,0.9926075268817205,91.92024908487761,0.9932795698924731,35.23368465454129,0.9932795698924731,415.8821525394647,0.9932795698924731,396.226,0.434812,16.651,16.605,16.407,15.57,15.175,-9999,0.997312,0.997312,0.997312,0.997312,0.997312,-9999,-9999,-9999,-9999,-9999,-9999,-9999,-9999,-9999,-9999,-9999,-9999,-9999,2.87773,0.771505,90.4585,0.469758,118.068,0.861524,14.311,0.688172,18.679,0.54995,-3.9046,0.381048,0.36045,-4.07451,-3.95561,-3.9046,0.383737,0.395833,0.381048,6.68256,6.36761,6.67076,6.92461,10.6594,10.2499,10.6066,10.8249,7.75782,6.55982,9.08889,10.7364,10.4272,9.73508,10.7641,11.2594,-9999,-9999
201709,17.189,0.975,343.853,174.367,0.977778,350.416,0.975,5.327,0.975,97.631,0.940972,1.98,1.0,2.725,0.886111,0.44628614275664186,0.85625,89.22966220238094,0.9277777777777778,357.62317113095236,0.9277777777777778,13.405581845238094,0.9277777777777778,67.98958333333334,0.9277777777777778,26.365470238095238,0.9277777777777778,405.27900297619044,0.9277777777777778,404.657,0.529167,15.461,15.506,15.397,14.735,14.392,-9999,0.995833,0.995833,0.995833,0.995833,0.995833,-9999,18.605,-9999,-9999,-9999,-9999,-9999,0.0,-9999,-9999,-9999,-9999,-9999,2.30622,0.990278,62.7482,0.959028,81.4861,0.660371,4.85548,0.968056,6.30543,0.600194,-1.94549,0.258333,0.677291,-2.04784,-1.96318,-1.89271,0.252083,0.258333,0.241667,6.71619,5.5338,6.71619,6.84778,8.64282,7.65195,8.66169,8.89537,3.25679,3.41812,4.09048,4.38541,2.07321,2.14028,2.1623,5.82748,-9999,-9999
201710,13.34,0.993952,254.91,121.679,0.994624,325.057,0.993952,4.074,0.993952,97.802,0.980511,12.992,1.0,2.891,0.907258,0.5202555548690707,0.8844086021505375,42.5084632807138,0.9865591397849462,251.3682340425532,0.9865591397849462,11.535227150537635,0.9865591397849462,41.607204024960744,0.9858870967741935,18.617924588194924,0.9865591397849462,385.565095801876,0.9865591397849462,414.155,0.764113,13.193,13.54,13.931,13.496,13.192,-9999,0.993952,0.993952,0.993952,0.993952,0.993952,-9999,16.801,-9999,34.393,-9999,-9999,-9999,0.000672043,-9999,0.000672043,-9999,-9999,-9999,-0.267289,0.985887,33.6804,0.975134,40.1899,0.459268,0.0576871,0.993952,0.0688365,0.578099,0.386289,0.567204,0.0498082,0.263453,0.319964,0.451732,0.589382,0.561156,0.692204,4.01465,3.33139,4.01465,4.27972,3.57542,2.95286,3.62836,3.96255,2.31663,2.28261,2.54507,2.61458,2.22388,2.42615,2.49003,2.76175,-9999,-9999
201711,2.809,1.0,179.172,79.997,1.0,276.486,1.0,2.223,1.0,97.677,0.995833,2.128,1.0,3.015,0.959722,0.5578481565075513,0.9583333333333334,10.603923463356974,0.9979166666666667,160.7760500886525,0.9986111111111111,9.879872192671394,0.9979166666666667,33.427440898345154,0.9979166666666667,11.226889775413714,0.9986111111111111,334.03417257683213,0.9979166666666667,417.298,0.844444,6.36,7.237,8.751,8.768,8.794,-9999,1.0,1.0,1.0,1.0,1.0,-9999,16.994,-9999,27.396,-9999,-9999,-9999,0.0,-9999,0.0,-9999,-9999,-9999,-4.98764,0.999306,10.633,0.995139,10.9794,0.349293,5.72181,0.997917,5.90825,0.568482,1.557,0.7125,0.0352081,1.54988,1.574,1.60041,0.713194,0.709028,0.605556,2.03985,2.04077,2.14671,2.38923,0.482848,0.492696,0.572676,0.82822,2.11735,1.81942,2.00945,2.36738,0.246418,0.183789,0.240254,0.388016,-9999,-9999
201712,-5.248,1.0,142.982,56.222,0.997312,245.676,1.0,1.237,1.0,97.375,0.993952,1.769,1.0,2.741,0.94086,0.4787326765368888,0.9079301075268816,-5.0189394589338825,0.9986559139784946,112.90899236444749,0.9986559139784946,13.773428420269962,0.9986559139784946,30.213935598261266,0.9986559139784946,9.807825297414782,0.9986559139784946,296.4388655342027,0.9986559139784946,417.842,0.980511,2.878,3.702,5.116,5.147,5.204,-9999,1.0,1.0,1.0,1.0,1.0,-9999,18.408,-9999,25.224,-9999,-9999,-9999,0.0,-9999,0.0,-9999,-9999,-9999,-4.51067,1.0,8.4815,0.997312,10.319,0.227346,-3.92494,0.998656,-4.77528,0.481398,0.871551,0.884409,0.0155718,0.86486,0.88385,0.925671,0.884409,0.891801,0.833333,1.09994,1.08568,1.13681,1.24991,0.22291,0.221099,0.228271,0.261451,1.03782,0.999092,1.04378,1.08034,0.168661,0.105419,0.120648,0.131483,-9999,-9999
201801,-5.651,1.0,160.169,76.42,0.99664,243.276,1.0,1.215,0.999328,97.7,0.999328,4.423,1.0,3.511,0.885753,0.6406517732377358,0.8669354838709677,11.620432637790575,0.9973118279569892,151.73557923766327,0.9973118279569892,18.258463871730346,0.9966397849462365,32.08533945321437,0.9979838709677419,12.90322898948604,0.9973118279569892,295.1801484960162,0.9973118279569892,419.555,0.989247,0.649,1.338,2.546,2.567,2.607,-9999,1.0,1.0,1.0,1.0,1.0,-9999,28.43,-9999,34.394,-9999,-9999,-9999,0.00134409,-9999,0.00134409,-9999,-9999,-9999,-4.39232,0.997312,5.02595,0.985215,7.03993,0.130594,7.04505,0.987231,9.86811,0.569517,0.749298,0.950269,0.0130452,0.725516,0.750795,0.76073,0.952285,0.950941,0.946909,0.780417,0.765872,0.780417,0.798583,0.0176326,0.0301636,0.03479,0.0404224,0.93245,0.947504,0.988519,1.01102,0.122778,0.118169,0.123217,0.142343,-9999,-9999
201802,-0.243,1.0,222.419,91.075,1.0,277.364,1.0,2.059,0.963542,97.964,0.999256,3.9,1.0,2.945,0.697917,0.5790780060105942,0.6272321428571429,35.105785682624116,0.9985119047619048,188.09871184777103,0.9985119047619048,20.76377833713272,0.9985119047619048,45.54939526342452,0.9985119047619048,14.226062405015199,0.9985119047619048,318.4196998480243,0.9985119047619048,421.943,0.993304,0.8,1.251,2.05,1.824,1.708,-9999,1.0,1.0,1.0,1.0,1.0,-9999,28.304,-9999,34.412,-9999,-9999,-9999,0.0,-9999,0.0,-9999,-9999,-9999,-3.68857,1.0,10.7032,0.987351,14.9921,0.214057,8.31001,0.989583,11.64,0.508737,0.974362,0.939732,0.0196388,0.948486,0.969074,0.974362,0.939732,0.939732,0.939732,1.25576,1.25016,1.26581,1.29058,0.289747,0.28574,0.298393,0.313446,0.899875,0.904105,0.957871,1.05902,0.344599,0.275246,0.29948,0.34105,-9999,-9999
201803,-0.449,0.991263,309.276,142.519,0.991263,263.412,0.991263,2.209,0.983871,97.002,0.982527,1.737,1.0,3.727,0.920027,0.6197632559861486,0.8790322580645162,56.53509261319134,0.9879032258064516,281.0202705598575,0.9879032258064516,40.7352549585772,0.9879032258064516,71.58482651771257,0.9879032258064516,24.63507899960764,0.9879032258064516,318.23102764926614,0.9879032258064516,421.688,0.164651,1.665,2.095,2.811,2.52,2.334,-9999,0.995968,0.995968,0.995968,0.995968,0.995968,-9999,28.093,-9999,34.413,-9999,-9999,-9999,0.0,-9999,0.0,-9999,-9999,-9999,-2.50045,0.991263,13.6019,0.987903,18.3358,0.207932,31.4942,0.991263,42.4551,0.595937,0.820357,0.0221774,0.0605762,0.754329,0.761981,0.780372,0.0134409,0.0262097,0.0221774,1.42351,1.3887,1.40703,1.41995,0.651182,0.611516,0.632754,0.651182,0.82525,0.735373,0.82525,1.00082,0.722924,0.722924,0.821094,0.961426,-9999,-9999
201804,4.035,0.997917,396.256,168.832,0.995139,286.926,0.997917,2.935,0.0326389,97.323,0.993056,3.807,1.0,3.159,0.775,0.5746784004122654,0.7423611111111109,91.06361478153629,0.99375,338.36673760395894,0.9930555555555555,22.80367768606401,0.9930555555555555,77.71997973925299,0.99375,21.224771405919665,0.99375,341.1788005050504,0.99375,421.26,0.890278,3.785,3.936,4.14,3.613,3.271,-9999,1.0,1.0,1.0,1.0,1.0,-9999,28.344,-9999,34.41,-9999,-9999,-9999,0.0,-9999,0.0,-9999,-9999,-9999,1.06285,1.0,24.4721,0.993056,32.9892,0.3161,48.1858,0.997222,64.956,1.3002,1.29804,0.781944,-9999,1.29582,1.30295,1.35769,0.781944,0.793056,0.774306,1.40779,1.39592,1.40777,1.41916,0.131691,0.0765037,0.104746,0.131691,1.60866,1.56697,1.61293,1.70776,1.04686,0.769858,0.855234,0.880022,-9999,-9999
201805,15.474,0.99664,459.108,230.886,0.997984,338.549,0.997984,5.52,0.0,97.62,0.985887,1.689,1.0,2.695,0.891129,0.5229652854422141,0.8588709677419356,132.52154217857,0.9932795698924731,467.8295411950814,0.9932795698924731,22.896988347630387,0.9919354838709677,96.12234419565036,0.9932795698924731,33.495624731363996,0.9932795698924731,401.1617814462674,0.9932795698924731,419.688,0.99664,11.898,11.442,10.533,9.436,8.999,-9999,0.99664,0.99664,0.99664,0.99664,0.99664,-9999,28.441,-9999,34.406,-9999,-9999,-9999,0.000672043,-9999,0.0,-9999,-9999,-9999,6.51187,0.997984,46.6907,0.995296,58.9235,-9999,55.1775,0.995296,69.6338,-9999,0.636992,0.990591,-9999,0.625097,0.63804,0.661922,0.990591,0.990591,0.990591,4.59911,4.52109,4.56787,4.60121,3.9537,3.86389,3.92743,3.96212,5.95888,5.89357,5.92396,5.95888,4.84488,4.77197,5.05529,5.08159,-9999,-9999
201806,17.198,0.997917,486.268,249.707,0.997917,348.741,0.997917,7.073,0.0,97.347,0.986806,6.032,1.0,2.68,0.872917,0.4667883041662792,0.8472222222222222,143.96507739018088,0.9944444444444446,524.3774258430122,0.9694444444444446,18.14735388636801,0.9694444444444446,102.32267958656331,0.9944444444444446,43.956921382428945,0.9944444444444446,408.7951370585702,0.9944444444444446,408.469,0.999306,14.147,13.926,13.379,12.36,12.877,-9999,1.0,1.0,1.0,1.0,1.0,-9999,27.236,-9999,34.41,-9999,-9999,-9999,0.0,-9999,0.0,-9999,-9999,-9999,5.24604,1.0,83.515,0.997222,109.148,-9999,24.0282,1.0,31.403,-9999,-6.22758,0.989583,-9999,-6.30714,-6.2778,-6.24087,0.990278,0.990278,0.989583,5.68166,5.46678,5.65136,5.72154,12.0375,11.7141,11.9092,12.0113,6.39312,6.35318,6.60429,6.96282,13.0367,11.4338,11.6612,12.0525,-9999,-9999
201807,21.355,0.994624,472.923,272.057,0.99664,372.638,0.995296,8.503,0.0,97.869,0.985215,7.719,1.0,2.425,0.909274,0.38726673653756044,0.8918010752688172,162.6591423066158,0.9879032258064516,550.4291459062895,0.9267473118279569,18.497714857115135,0.9260752688172043,85.66097298381655,0.9885752688172043,45.1496854574298,0.9885752688172043,432.50191007855716,0.9879032258064516,408.484,0.827957,17.921,17.661,16.943,15.821,18.287,-9999,0.99664,0.99664,0.99664,0.99664,0.975134,-9999,22.311,-9999,34.411,-9999,-9999,-9999,0.0,-9999,0.0,-9999,-9999,-9999,6.54554,0.995296,105.436,0.991263,140.744,-9999,14.5265,0.994624,19.3909,-9999,-5.80917,0.634409,-9999,-5.99412,-5.81465,-5.57596,0.626344,0.633737,0.668683,5.51021,5.4787,5.50082,6.24088,11.3118,11.3906,11.5687,11.8168,7.22983,6.70637,7.19781,7.5006,10.4911,10.066,10.3242,10.5808,-9999,-9999
201808,20.942,0.977823,421.639,204.747,0.978495,385.077,0.977823,5.706,0.264113,97.646,0.963038,11.981,1.0,2.366,0.760081,0.3620476764846285,0.7224462365591399,116.50521852870408,0.9684139784946235,396.7358023657241,0.9724462365591396,13.729795242664075,0.9677419354838709,87.48218507457122,0.9684139784946235,30.488158704435985,0.9684139784946235,429.8326829756264,0.9684139784946235,406.42,0.909274,18.509,18.521,18.219,17.264,18.544,-9999,1.0,1.0,1.0,1.0,0.0,-9999,22.052,-9999,34.413,-9999,-9999,-9999,0.000672043,-9999,0.0,-9999,-9999,-9999,5.0143,0.99664,68.6971,0.926075,91.7017,-9999,11.6322,0.971102,15.5275,-9999,-1.91007,0.36828,-9999,-2.5702,-1.9279,-1.90178,0.406586,0.36828,0.36828,7.33204,7.32398,7.42373,11.8254,9.33075,9.23948,9.28155,14.3956,8.53429,8.14343,8.99248,9.75301,10.6534,10.479,10.6391,10.9274,-9999,-9999
201809,16.631,0.995139,343.853,143.934,0.995833,367.723,0.995139,3.609,0.995139,98.068,0.974306,11.218,1.0,2.295,0.54375,-9999,-9999,82.48412319191665,0.9826388888888888,303.124835022048,0.9826388888888888,10.802492669362994,0.9826388888888888,82.0773508945624,0.9826388888888888,22.857276240029215,0.9826388888888888,410.90561327378947,0.9826388888888888,422.376,0.0340278,16.321,16.621,17.491,16.175,18.553,-9999,0.997222,0.997222,0.771528,0.997222,0.0,-9999,23.205,-9999,34.41,-9999,-9999,-9999,0.0902778,-9999,0.0,-9999,-9999,-9999,3.74252,0.667361,56.1216,0.563889,66.2974,1.06751,6.87367,0.583333,8.11998,0.405802,0.759441,0.0,-9999,-0.492592,0.756268,0.759441,0.00347222,0.0,0.0,6.30632,6.02958,6.30035,6.4032,5.64349,5.34497,5.55493,6.78571,6.26756,5.83207,6.96528,7.0978,8.95642,7.84558,8.92359,9.19754,-9999,-9999
201810,8.214,0.99664,254.91,94.09,0.99664,322.005,0.99664,2.015,0.99664,97.401,0.991935,4.97,1.0,2.812,0.766129,0.5050734312579505,0.6915322580645161,37.024280950254486,0.993279569892473,189.78643277870972,0.993279569892473,7.990619795906422,0.993279569892473,49.38522618444746,0.993279569892473,14.584739993327632,0.993279569892473,365.0353357319021,0.993279569892473,422.046,0.962366,10.813,11.521,12.888,12.209,18.439,-9999,1.0,1.0,0.0,1.0,0.0,-9999,22.768,-9999,34.988,-9999,-9999,-9999,0.000672043,-9999,0.0,-9999,-9999,-9999,-2.96979,0.971102,29.838,0.956989,35.2482,0.45946,4.07384,0.980511,4.8125,0.537222,1.34094,0.0,-9999,0.762769,1.33985,1.34094,0.0,0.0,0.0,4.40481,4.2223,4.40481,4.5023,3.15326,3.0421,3.09344,3.99178,3.65344,3.34739,3.47281,4.04418,7.21673,5.54425,7.1156,7.45544,-9999,-9999
201811,1.2,1.0,179.172,62.923,1.0,288.484,1.0,1.571,0.999306,97.356,0.992361,8.11,1.0,3.055,0.679167,0.5979258400107267,0.6076388888888888,12.928571678743962,0.9923611111111111,128.54843527340938,0.9930555555555555,12.17015088481173,0.9930555555555555,34.37729710144927,0.9944444444444446,10.33023830515298,0.9923611111111111,329.0191002415459,0.9923611111111111,421.289,0.369444,5.526,6.341,5.671,7.352,18.34,-9999,1.0,1.0,0.0,1.0,0.0,-9999,24.978,-9999,35.66,-9999,-9999,-9999,0.000694444,-9999,0.00138889,-9999,-9999,-9999,-5.28596,0.997222,13.7244,0.99375,22.1085,0.279036,-2.34328,0.995833,-3.77474,0.45837,-2.60168,0.000694444,-9999,-2.64274,-2.60168,-2.4071,0.000694444,0.000694444,0.000694444,2.98159,2.86679,2.98159,3.06992,5.6524,5.48184,5.58348,5.75907,2.0179,1.88488,2.0179,2.31869,5.39195,3.96531,5.29783,5.60503,-9999,-9999
201812,-1.567,0.997312,142.982,67.167,0.997312,262.779,0.997312,1.423,0.997312,97.476,0.990591,4.021,1.0,2.911,0.81586,0.4987103810395945,0.793010752688172,5.327285614558402,0.9905913978494624,127.20368656300982,0.9905913978494624,8.942308489324713,0.9905913978494624,27.423614862048844,0.9905913978494624,9.017567028661928,0.9905913978494624,315.33412427511644,0.9905913978494624,419.411,0.0,1.54,2.418,2.844,3.614,18.339,-9999,0.998656,0.998656,0.178091,0.998656,0.0,-9999,32.36,-9999,35.547,-9999,-9999,-9999,0.0,-9999,0.00873656,-9999,-9999,-9999,-5.97256,0.989247,7.62024,0.984543,8.47965,0.256909,3.45934,0.989247,3.84949,0.427177,-4.1575,0.0,-9999,-4.1948,-4.14718,-4.04255,0.0,0.0,0.0,2.44552,2.35519,2.44573,2.5308,6.66509,6.52967,6.61055,6.87795,1.47851,1.37042,1.50111,1.70835,5.6505,4.2156,5.56024,5.85705,-9999,-9999
201901,-5.923,0.983199,160.169,71.777,0.983199,242.275,0.983199,1.311,0.983199,97.226,0.975134,4.825,1.0,3.424,0.903898,0.6067586301159951,0.8575268817204301,7.330623062015504,0.9630376344086022,138.2004441372832,0.9616935483870966,13.120916855953313,0.9616935483870966,32.46224153185035,0.9630376344086022,11.132815666779015,0.9630376344086022,295.15329253735547,0.9630376344086022,421.755,0.0,0.188,0.921,1.979,3.403,18.339,-9999,0.985215,0.985215,0.985215,0.176075,0.0,-9999,33.399,-9999,35.443,-9999,-9999,-9999,0.0,-9999,0.000672043,-9999,-9999,-9999,-4.63157,0.981183,7.83429,0.343414,9.69326,0.187368,14.7973,0.446237,18.3085,0.481237,-0.566486,0.0,-9999,-0.65363,-0.566486,-0.373727,0.0,0.0,0.0,1.0425,1.12266,1.24035,1.9712,1.78961,1.54501,1.6633,2.62483,3.87905,3.60938,3.84603,3.90666,3.37236,3.35558,3.43538,3.50954,-9999,-9999
201902,-3.993,0.997768,222.419,108.287,0.99628,253.249,0.997768,1.657,0.997768,97.539,0.99628,0.428,1.0,3.217,0.831845,0.5883308498278748,0.7715773809523808,40.17643307032115,0.996279761904762,222.2483769379845,0.9456845238095238,29.345289928632955,0.9456845238095238,50.27211032668881,0.996279761904762,18.914803952104098,0.996279761904762,304.43679055924696,0.996279761904762,423.098,0.0,-0.242,0.244,0.984,3.298,18.343,-9999,1.0,1.0,1.0,0.0,0.0,-9999,33.995,-9999,35.18,-9999,-9999,-9999,0.0,-9999,0.0,-9999,-9999,-9999,-3.44377,0.990327,8.88731,0.982143,12.1027,0.196463,24.0388,0.980655,32.7359,0.643461,0.20008,0.0,-9999,0.0356654,0.20008,0.37519,0.0,0.0,0.0,1.20264,1.2936,1.42463,2.22955,1.1895,0.982927,1.14896,2.19388,4.11618,3.83003,4.08114,4.14548,4.30879,4.28798,4.35722,4.4808,-9999,-9999
201903,-0.387,1.0,309.276,163.773,1.0,255.544,1.0,2.639,1.0,97.49,0.995296,1.4,1.0,3.27,0.915323,0.6216975370849085,0.8891129032258066,71.83124538625792,0.9952956989247312,310.783186302682,0.9334677419354839,42.091846743295015,0.9334677419354839,65.10416962174942,0.9952956989247312,27.795937085335165,0.9952956989247312,320.27961650652026,0.9952956989247312,407.018,0.0,0.024,0.497,0.975,3.182,18.339,-9999,1.0,1.0,1.0,0.0,0.0,-9999,33.184,-9999,34.588,-9999,-9999,-9999,0.0,-9999,0.0,-9999,-9999,-9999,-2.65847,0.902554,11.4174,0.908602,15.5482,0.176933,40.0167,0.939516,54.4944,0.648968,0.700401,0.0,-9999,0.511934,0.70052,0.819854,0.0,0.0,0.0,1.55711,1.67078,1.80492,2.77098,1.00297,0.85671,1.00297,2.23438,4.52596,4.21133,4.48744,4.55818,5.38035,5.35467,5.39018,5.59219,-9999,-9999
201904,6.988,0.995139,396.256,166.244,0.995833,310.462,0.995139,3.313,0.995139,97.307,0.983333,1.014,1.0,3.258,0.771528,0.6510991119236473,0.7430555555555555,99.30067992015437,0.98125,343.4246512269434,0.9819444444444444,22.48139013779095,0.9819444444444444,80.04330629666227,0.9819444444444444,21.150807806324107,0.9819444444444444,361.96772054787,0.9819444444444444,404.919,0.0,4.683,4.805,4.123,3.178,9.923,-9999,0.996528,0.996528,0.996528,0.0,0.0,-9999,32.045,-9999,34.574,-9999,-9999,-9999,0.0,-9999,0.0,-9999,-9999,-9999,2.79572,0.951389,30.1127,0.371528,46.1236,0.537029,41.1959,0.36875,63.0996,0.605188,0.341377,0.0,-9999,0.185043,0.338675,0.423775,0.0,0.0,0.0,2.38229,2.51111,2.66272,3.97353,2.15432,2.08949,2.18253,3.77838,5.2827,4.91546,5.23773,5.32031,5.52722,5.50067,5.56706,5.74479,-9999,-9999
201905,11.32,0.998656,459.108,189.656,0.998656,339.014,0.998656,4.654,0.998656,97.276,0.987903,1.916,0.997984,2.799,0.708333,0.5692804341074816,0.6686827956989249,116.69669806913997,0.9926075268817204,384.18905235989905,0.993279569892473,20.12809364119546,0.993279569892473,93.6337217848564,0.993279569892473,26.358462839956964,0.993279569892473,385.4426299867162,0.993279569892473,406.367,0.0,9.578,9.481,8.085,3.327,3.91,-9999,0.999328,0.999328,0.999328,0.0,0.0,-9999,30.415,-9999,34.829,-9999,-9999,-9999,0.521505,-9999,0.0,-9999,-9999,-9999,4.42205,0.979839,52.1219,0.586022,62.3091,0.662158,41.6965,0.721102,49.8461,0.703609,-0.424944,0.368952,0.110065,-0.503644,-0.409977,-0.368799,0.391129,0.376344,0.37836,3.13771,3.21594,3.38414,4.60474,3.62729,3.61795,3.77874,5.04176,5.40616,5.14839,5.40616,5.61053,6.01185,5.9316,5.99174,6.20087,-9999,-9999
201906,17.685,0.998611,486.268,249.646,0.998611,356.416,0.998611,8.21,0.998611,97.168,0.989583,3.444,1.0,2.624,0.8375,0.4692873388935097,0.8013888888888889,145.81570028546332,0.9937499999999999,499.9957620791246,0.9951388888888888,17.10911734006734,0.9951388888888888,94.97525757575754,0.9951388888888888,41.94033345959596,0.9951388888888888,417.9660054713804,0.9951388888888888,406.138,0.0708333,13.724,13.532,11.729,10.827,3.909,-9999,1.0,1.0,1.0,0.0,0.0,-9999,23.89,-9999,35.023,-9999,-9999,-9999,0.557639,-9999,0.0,-9999,-9999,-9999,6.15027,0.994444,92.5099,0.990278,110.591,0.885169,25.3779,0.989583,30.338,0.664614,-4.09553,0.814583,0.06888,-4.21792,-4.1009,-4.06334,0.835417,0.815972,0.822917,6.7624,6.26359,6.65658,6.82826,10.7723,10.4587,10.6719,10.9068,7.03019,5.11109,5.93285,7.02169,9.9001,9.90828,10.4597,11.0601,-9999,-9999
201907,22.101,0.99664,472.923,270.38,0.99664,377.018,0.99664,9.366,0.99664,97.359,0.986559,4.621,1.0,2.268,0.94086,0.3502378199698038,0.9213709677419356,160.7092080515293,0.9912634408602152,543.522076666894,0.9919354838709679,17.834752882349374,0.9919354838709679,98.55053880894467,0.9919354838709679,43.45760596777982,0.9919354838709679,441.41295490539306,0.9919354838709679,407.695,0.981855,17.515,17.288,15.305,10.85,3.909,-9999,0.997312,0.997312,0.997312,0.0,0.0,-9999,23.62,-9999,35.124,-9999,-9999,-9999,0.0,-9999,0.0,-9999,-9999,-9999,6.36471,0.995296,119.189,0.99328,145.534,1.17001,11.6342,0.995296,14.2058,0.536697,-5.81205,0.84207,0.159205,-6.48755,-5.94062,-5.74153,0.815188,0.874328,0.841398,7.06487,6.53851,6.85516,7.41999,13.1836,12.558,12.8239,13.1836,6.84487,5.69297,6.71358,8.33572,14.4001,12.7214,13.4038,14.4001,-9999,-9999
201908,19.33,0.99664,421.639,238.331,0.99664,359.829,0.99664,7.184,0.99664,97.398,0.985887,2.399,1.0,2.35,0.931452,0.37088285566616136,0.9301075268817204,132.83876706015292,0.991263440860215,474.5687969520185,0.993279569892473,16.658558661667353,0.993279569892473,92.74234508216027,0.993279569892473,38.06937350452216,0.9926075268817204,426.11943294394683,0.9926075268817204,403.358,0.954301,17.235,17.287,16.066,10.924,3.91,-9999,1.0,1.0,1.0,0.0,0.0,-9999,23.34,-9999,35.13,-9999,-9999,-9999,0.0,-9999,0.0,-9999,-9999,-9999,3.14653,0.991263,95.4049,0.987903,116.323,0.995541,10.976,0.989247,13.3825,0.53758,-4.9678,0.794355,0.175692,-5.07168,-4.96187,-4.62723,0.813844,0.795027,0.729167,6.84204,6.17469,6.80983,8.2618,11.7715,11.3246,11.7686,12.7332,7.12898,7.12898,7.7026,8.82756,12.8417,12.3315,12.7789,13.1066,-9999,-9999
201909,15.606,0.947917,343.853,186.652,0.950694,335.445,0.947917,5.53,0.947917,97.768,0.978472,0.832,1.0,2.601,0.895833,0.3988370002331596,0.8888888888888888,92.01223356545529,0.9118055555555554,377.6161405313652,0.9124999999999999,16.109364265162878,0.9124999999999999,65.17319534684098,0.9124999999999999,30.0951743005486,0.9131944444444443,401.230151572463,0.9131944444444443,404.304,0.79375,14.549,14.832,14.312,10.893,3.909,-9999,0.919444,0.919444,0.919444,0.0,0.0,-9999,22.583,-9999,35.133,-9999,-9999,-9999,0.0,-9999,0.0,-9999,-9999,-9999,0.76831,0.876389,70.3912,0.874306,86.388,0.704237,5.90545,0.882639,7.2475,0.589659,-3.96969,0.5875,0.0655492,-3.96544,-3.78609,-3.06762,0.5875,0.578472,0.676389,5.47566,4.53707,5.3035,5.74309,9.28941,8.09345,8.74724,9.28883,3.09464,2.88846,3.10224,3.40365,5.92831,5.88552,6.00238,6.31027,-9999,-9999
201910,10.172,0.858199,254.91,97.272,0.860215,327.017,0.858199,2.873,0.857527,97.609,0.836694,4.17,1.0,2.926,0.613575,0.4886727041007277,0.5463709677419355,36.81423284449046,0.8360215053763441,195.9986724005061,0.8360215053763441,11.451126882524347,0.8360215053763441,53.39147465758879,0.819220430107527,14.34614992906986,0.8360215053763441,370.5160297906602,0.8360215053763441,414.488,0.00537634,11.058,11.53,11.58,10.703,3.871,-9999,0.823253,0.823253,0.823253,0.281586,0.0,-9999,22.585,-9999,35.144,-9999,-9999,-9999,0.0,-9999,0.0,-9999,-9999,-9999,-1.02052,0.8125,27.4065,0.797715,36.5129,0.319544,-1.21166,0.833333,-1.61425,0.587975,-0.192345,0.0,0.0685128,-0.198344,-0.138915,0.037925,0.0,0.0,0.0,6.08219,4.60835,6.00923,6.20615,6.10304,4.86107,6.08426,6.27356,8.17233,6.25286,7.04895,10.126,1.88131,1.8187,1.87568,1.96431,-9999,-9999
201911,1.121,0.999306,179.172,78.992,0.999306,268.51,0.999306,2.197,0.999306,97.374,0.995139,2.595,1.0,3.145,0.845139,0.5855228704221782,0.8118055555555554,12.676265030625405,0.9965277777777778,161.395048879755,0.9965277777777778,7.9064577020202025,0.9972222222222221,28.586824494949497,0.9972222222222221,9.332546717171715,0.9972222222222221,323.33085898882445,0.9965277777777778,424.212,0.944444,4.885,5.919,7.344,8.084,3.824,-9999,1.0,1.0,1.0,1.0,0.0,-9999,22.583,-9999,35.478,-9999,-9999,-9999,0.0,-9999,0.0,-9999,-9999,-9999,-5.63704,0.993056,11.025,0.986806,15.846,0.262442,2.88551,0.991667,4.14728,0.512317,1.95944,0.888194,0.0263255,1.91382,1.96045,2.0207,0.888889,0.8875,0.8875,2.68314,2.47459,2.68314,2.81266,0.638288,0.572114,0.717458,0.776285,3.30282,3.01734,3.13979,3.74587,0.149233,0.12856,0.145669,0.149382,-9999,-9999
201912,-1.893,0.983871,142.982,53.956,0.985215,266.721,0.982527,1.244,0.983871,97.336,0.957661,2.495,1.0,3.203,0.675403,0.5531939017144677,0.6149193548387096,1.4631664873000159,0.9475806451612904,109.73471133130778,0.9321236559139785,12.564627773550052,0.9301075268817204,27.392456173144932,0.9489247311827956,8.941214894795127,0.9482526881720431,307.0339934939092,0.9482526881720431,422.736,0.955645,2.021,2.862,3.913,4.636,3.834,-9999,0.985887,0.985887,0.985887,0.985887,0.192204,-9999,22.58,-9999,35.449,-9999,-9999,-9999,0.0,-9999,0.0,-9999,-9999,-9999,-4.21247,0.96707,5.302,0.920699,7.62046,0.167721,-6.73641,0.934812,-9.68211,0.470883,0.955005,0.730511,0.039704,0.941149,0.960947,1.00377,0.734543,0.728495,0.717742,1.16053,1.0912,1.10964,1.15896,0.143532,0.129255,0.146696,0.168718,1.02642,1.05535,1.15591,1.6012,0.0450829,4.33921e-05,0.00101955,0.0434401,-9999,-9999
202001,-1.593,1.0,160.169,70.435,0.992608,264.507,1.0,1.619,1.0,97.471,0.993952,1.384,1.0,3.059,0.799059,0.569690647455494,0.7224462365591398,11.710953716690042,0.9959677419354839,148.20551104488075,0.9946236559139785,13.385193431510054,0.9946236559139785,31.65062237026648,0.9946236559139785,11.194135986442266,0.9959677419354839,309.84100046750825,0.9959677419354839,425.521,0.990591,1.527,2.293,3.312,3.0,3.52,-9999,1.0,1.0,0.191532,1.0,1.0,-9999,22.584,-9999,35.453,-9999,-9999,-9999,0.0,-9999,0.0,-9999,-9999,-9999,-3.31356,0.99664,5.50283,0.97043,7.5018,0.204899,1.05254,0.982527,1.43488,0.460933,1.29026,0.916667,0.0197536,1.25119,1.29026,1.33226,0.918683,0.916667,0.916667,1.11836,1.09297,1.11839,1.16623,-0.157006,-0.172587,-0.163986,-0.157006,1.62448,1.61788,1.74879,1.811,0.0813434,0.0592176,0.0798986,0.0808201,-9999,-9999
202002,-1.619,1.0,223.832,95.404,0.996408,264.05,1.0,1.905,1.0,97.185,0.994253,2.175,1.0,2.855,0.721983,0.5038957498179338,0.6400862068965516,30.68437966675577,0.9942528735632183,197.89240595206272,0.9942528735632183,21.692375211618998,0.9942528735632183,45.26899599442702,0.9949712643678161,15.395674374053284,0.9942528735632183,310.48631704980846,0.9942528735632183,425.374,0.982759,0.863,1.564,2.05,2.162,2.655,-9999,1.0,1.0,0.160201,1.0,1.0,-9999,18.859,-9999,35.464,-9999,-9999,-9999,0.0,-9999,0.0,-9999,-9999,-9999,-3.11565,0.989943,10.2976,0.960489,14.0383,0.267937,13.5717,0.971983,18.5017,0.522872,1.45142,0.935345,0.0198108,1.37056,1.45142,1.51294,0.938218,0.935345,0.934626,1.33871,1.29519,1.33871,1.37479,-0.107069,-0.130563,-0.110962,-0.0852745,1.64893,1.62084,1.66646,1.70403,0.0,0.000385811,0.00461895,0.00550438,-9999,-9999
202003,2.922,0.994624,312.312,148.371,0.994624,276.716,0.994624,3.447,0.994624,97.659,0.979167,3.151,1.0,3.072,0.421371,-9999,-9999,70.70406176826701,0.9771505376344085,301.0602937002433,0.9778225806451613,22.652384876715878,0.9778225806451613,61.01801092345009,0.9784946236559139,18.435479998628416,0.9778225806451613,334.4733638545836,0.9778225806451613,423.435,0.974462,2.095,2.564,3.079,2.552,2.808,-9999,0.995968,0.995968,0.995968,0.995296,0.995296,-9999,14.893,-9999,35.453,-9999,-9999,-9999,0.0,-9999,0.0,-9999,-9999,-9999,-2.09105,0.982527,7.77177,0.386425,10.595,0.242373,28.8071,0.492608,39.2716,0.607126,1.71539,0.168683,0.0235479,1.67307,1.71539,1.80371,0.176075,0.168683,0.141801,1.87082,1.80754,1.91252,2.01492,0.120597,0.115139,0.129839,0.194254,1.55978,1.39385,1.54076,1.57831,0.704442,0.755702,0.861899,0.908229,-9999,-9999
202004,4.877,1.0,398.788,169.417,1.0,292.706,1.0,3.473,1.0,96.826,0.995833,5.851,1.0,3.528,0.432639,-9999,-9999,94.86159638709015,0.9979166666666667,350.1377243357487,0.9986111111111112,23.439003019323668,0.9986111111111112,87.04859903381642,0.9986111111111112,20.95891938405798,0.9986111111111112,345.7058876811595,0.9986111111111112,423.35,0.988889,4.789,5.128,5.832,4.725,4.731,-9999,1.0,1.0,1.0,1.0,1.0,-9999,14.892,-9999,35.458,-9999,-9999,-9999,0.0,-9999,0.0,-9999,-9999,-9999,0.988536,1.0,29.402,0.0,45.0348,-9999,37.1872,0.0,56.9595,-9999,-0.0202349,0.0,-9999,-0.192386,-0.0202349,0.0690348,0.0,0.0,0.0,2.93103,2.76595,2.93103,3.02774,3.06817,2.83175,2.95401,3.09446,2.03264,1.61872,1.87415,2.02608,2.93238,3.01066,3.14927,3.29497,-9999,-9999
202005,12.06,0.987903,460.607,260.551,0.988575,316.03,0.987903,6.123,0.987903,97.424,0.975806,2.576,1.0,3.107,0.211022,-9999,-9999,158.3464391366612,0.9596774193548387,541.2279396802383,0.9596774193548387,36.72633605200945,0.9616935483870969,99.31336111111112,0.9623655913978495,35.375386752136755,0.9616935483870968,385.1374893162393,0.9616935483870968,423.088,0.983871,9.737,9.592,9.819,7.917,7.6,-9999,0.987903,0.987903,0.987903,0.966398,0.987903,-9999,14.91,-9999,35.473,-9999,-9999,-9999,0.0,-9999,0.0,-9999,-9999,-9999,4.84786,0.983871,85.2517,0.0,132.752,-9999,42.0027,0.0,65.4054,-9999,-5.30288,0.0,-9999,-5.54504,-5.19376,-4.97294,0.0,0.0,0.0,4.40204,4.25213,4.49075,5.18917,10.27,9.62075,9.97446,10.3817,2.99066,1.89449,2.6733,2.98543,7.19825,7.19825,7.6062,7.85125,-9999,-9999
202006,18.785,0.997222,486.476,267.672,0.997222,355.33,0.997222,7.521,0.997222,97.396,0.990278,1.458,1.0,2.335,0.240972,-9999,-9999,159.1518178916494,0.9944444444444444,554.8795258799172,0.9944444444444444,36.26327143719807,0.9944444444444444,100.37599723947552,0.9944444444444444,44.777276785714285,0.9944444444444444,417.2717943409248,0.9944444444444444,418.66,0.995139,14.281,14.011,13.456,12.03,11.388,-9999,1.0,1.0,0.999306,1.0,1.0,-9999,14.892,-9999,35.458,-9999,-9999,-9999,0.0,-9999,0.0,-9999,-9999,-9999,5.11244,0.995833,107.535,0.436111,131.679,1.70849,33.0486,0.457639,40.4689,0.719828,-6.49949,0.261111,0.586965,-6.67366,-6.29371,-5.8573,0.179861,0.247917,0.307639,6.00708,5.7185,6.61944,7.73651,13.7723,12.3726,12.9402,13.6424,4.04489,2.61076,3.87108,4.2853,10.072,9.91822,10.6733,11.1589,-9999,-9999
202007,22.182,0.998656,471.825,251.486,0.998656,383.858,0.998656,7.753,0.998656,97.314,0.992608,4.086,1.0,2.337,0.254704,-9999,-9999,160.3909100528275,0.9959677419354839,528.3639613360787,0.9966397849462365,26.373070950583394,0.9966397849462365,104.95439362742039,0.9966397849462365,40.34444280225037,0.9966397849462365,435.489777406876,0.9966397849462365,415.736,0.900538,17.978,17.665,16.851,15.435,14.653,-9999,1.0,1.0,1.0,1.0,1.0,-9999,14.874,-9999,35.449,-9999,-9999,-9999,0.0,-9999,0.0,-9999,-9999,-9999,5.8296,0.998656,107.98,0.81922,132.224,1.33656,18.2657,0.858199,22.3668,0.484631,-5.39821,0.53293,0.34895,-6.01772,-5.39821,-5.0574,0.36828,0.53293,0.573925,7.72242,7.06248,7.38193,8.32289,13.3847,12.9251,13.1267,13.3136,7.7259,5.09217,8.10072,10.0873,11.4782,10.8422,11.6224,13.877,-9999,-9999
202008,20.547,1.0,419.449,219.596,1.0,365.035,1.0,7.677,1.0,97.336,0.978495,3.495,1.0,2.428,0.475806,-9999,-9999,128.22262606387503,0.9865591397849462,465.49469352442395,0.9865591397849462,22.73708652880148,0.9865591397849462,88.91507660759063,0.987231182795699,34.58026507182626,0.987231182795699,425.47570179353136,0.987231182795699,414.639,0.998656,17.835,17.8,16.719,16.354,15.893,-9999,1.0,1.0,1.0,1.0,1.0,-9999,13.677,-9999,35.075,-9999,-9999,-9999,0.0,-9999,0.0,-9999,-9999,-9999,3.03986,0.997984,86.0078,0.792339,101.337,0.74544,14.208,0.809812,16.7403,0.54767,-3.37695,0.758737,0.120448,-3.44137,-3.35741,-3.24072,0.760753,0.766801,0.780914,6.95649,7.05868,7.18146,7.26907,10.5958,10.3379,10.4883,10.5958,3.55008,3.55008,4.78011,5.67606,9.6943,8.32055,8.90693,9.39848,-9999,-9999
202009,16.112,0.998611,341.003,183.653,0.995139,337.346,0.998611,5.268,0.998611,97.753,0.9875,2.154,1.0,2.56,0.894444,0.42763483233976646,0.8819444444444445,88.29260037878788,0.9958333333333333,368.81841471783054,0.9958333333333333,12.590606444883617,0.9958333333333333,80.79899703557312,0.9958333333333333,27.440683410188843,0.9958333333333333,400.8904243522177,0.9958333333333333,412.269,0.979167,15.094,15.319,14.643,14.479,14.477,-9999,1.0,1.0,1.0,1.0,1.0,-9999,13.514,-9999,34.938,-9999,-9999,-9999,0.0,-9999,0.0,-9999,-9999,-9999,0.93903,0.998611,63.1552,0.988889,78.362,0.740892,7.9439,0.994444,9.85667,0.671733,-3.908,0.920833,0.0738056,-3.98396,-3.91173,-3.87983,0.932639,0.925694,0.911111,4.86024,4.67652,4.83917,4.97854,8.9121,8.6954,8.7882,8.87847,4.96443,4.393,4.77874,5.00593,7.64923,6.99744,7.23263,7.38124,-9999,-9999
202010,9.638,0.992608,252.067,107.253,0.993952,315.847,0.823253,2.972,0.991263,97.706,0.975806,5.038,1.0,2.54,0.807124,0.4497195754563484,0.7762096774193549,52.05262600674519,0.5981182795698925,217.3652156864859,0.9704301075268816,10.057268150347895,0.9704301075268816,47.192625616700084,0.9408602150537635,19.95530287333026,0.5981182795698925,371.01165457910105,0.5981182795698925,423.328,0.950269,11.094,11.695,11.93,11.928,12.281,-9999,0.999328,0.999328,0.999328,0.999328,0.999328,-9999,13.955,-9999,34.741,-9999,-9999,-9999,0.479839,-9999,0.468414,-9999,-9999,-9999,-2.49237,0.947581,30.5269,0.781586,39.0234,0.457927,-4.63199,0.931452,-5.92121,0.622454,0.119185,0.721102,0.0492663,-0.0188944,0.0340543,0.0449255,0.718414,0.734543,0.737231,3.39595,3.28696,3.37162,3.40999,3.24105,3.27677,3.32135,3.36204,3.51717,2.99916,3.46883,3.52759,2.36501,2.22305,2.45589,2.46889,-9999,-9999
202011,6.489,0.995833,177.237,81.075,0.997222,298.227,0.75625,3.449,0.995833,97.712,0.991667,3.595,1.0,2.937,0.864583,0.5351131983571906,0.8333333333333333,-9999,-9999,157.2683837262542,0.9895833333333333,13.888369635882414,0.9895833333333333,32.930984130154464,0.9895833333333333,10.352889246664544,0.8784722222222221,350.57193247773097,0.8791666666666665,426.85,0.994444,9.482,7.933,8.207,8.612,9.182,-9999,0.155556,1.0,1.0,1.0,1.0,-9999,-9999,-9999,-9999,-9999,-9999,-9999,-9999,-9999,-9999,-9999,-9999,-9999,-3.11138,1.0,12.709,0.90625,16.2463,0.364236,-2.61264,0.99375,-3.33981,0.547465,1.83974,0.923611,0.0216629,1.78728,1.83974,1.90395,0.922222,0.923611,0.922222,2.29431,2.20343,2.29431,2.36944,0.409191,0.404512,0.430959,0.456252,1.81928,1.76426,1.79192,1.83028,0.365694,0.33865,0.347797,0.370319,-9999,-9999
202012,-0.969,0.997984,142.661,58.52,0.99664,269.392,0.997984,1.521,0.997984,97.213,0.989919,3.643,1.0,3.284,0.913978,0.5734784096239705,0.8904569892473118,-9999,-9999,115.74098278454494,0.9899193548387096,15.376710910757069,0.9899193548387096,31.31172470471514,0.9892473118279569,9.270549622176315,0.9899193548387096,-9999,-9999,426.54,0.990591,7.621,4.398,5.097,5.587,6.327,-9999,0.0,1.0,1.0,1.0,1.0,-9999,-9999,-9999,-9999,-9999,-9999,-9999,-9999,-9999,-9999,-9999,-9999,-9999,-4.88407,0.998656,7.89184,0.903226,13.347,0.272101,-12.0333,0.97379,-20.3512,0.516443,0.971353,0.899194,0.0151808,0.936084,0.955558,0.966261,0.903898,0.887769,0.893145,0.99986,0.966611,0.978495,0.994249,0.0299842,0.01531,0.0299842,0.0369531,0.859006,0.857283,0.887399,0.905271,0.17229,0.0301021,0.0375709,0.0409731,-9999,-9999
202101,-4.443,0.998656,160.169,74.052,0.998656,252.249,0.998656,1.208,0.998656,97.069,0.987231,1.913,1.0,3.231,0.926075,0.5458892801469536,0.9106182795698924,15.032820169298178,0.8306451612903226,141.15026398117976,0.9892473118279569,18.041872358488167,0.9892473118279569,35.358540992296824,0.9892473118279569,10.82138352209923,0.9892473118279569,298.74489713234465,0.8306451612903226,426.007,0.995968,6.75,1.828,2.323,2.92,3.665,-9999,0.0,1.0,1.0,0.998656,1.0,-9999,-9999,-9999,-9999,-9999,-9999,-9999,-9999,-9999,-9999,-9999,-9999,-9999,-4.86159,1.0,4.67545,0.995296,7.90731,0.120976,6.88399,0.994624,11.6425,0.415686,0.579926,0.883737,0.0119608,0.576046,0.578257,0.581438,0.883737,0.877016,0.881048,0.714799,0.708752,0.711253,0.714512,0.133782,0.129584,0.133002,0.134264,0.490934,0.485697,0.491014,0.492101,0.0178391,0.0176891,0.017738,0.0178391,-9999,-9999
202102,-3.991,0.99256,222.419,91.612,0.99256,265.657,0.991815,1.432,0.99256,97.392,0.989583,1.795,1.0,3.01,0.883929,0.5469497334373508,0.865327380952381,37.772227388211384,0.9888392857142857,178.2414965986395,0.9895833333333334,27.723786352040815,0.9895833333333334,45.3295918367347,0.9895833333333334,16.50442468786295,0.9888392857142857,299.86497241579553,0.9888392857142857,425.66,0.997768,6.886,1.543,1.659,2.048,2.619,-9999,0.0,1.0,1.0,1.0,1.0,-9999,-9999,-9999,-9999,-9999,-9999,-9999,-9999,-9999,-9999,-9999,-9999,-9999,-3.62039,0.999256,6.83679,0.988839,11.1299,0.158453,15.3101,0.991071,24.9239,0.539043,0.515637,0.891369,0.0125895,0.496924,0.50752,0.538078,0.898065,0.894345,0.887649,0.524493,0.498012,0.514322,0.530596,0.00929704,-0.00446919,0.00479595,0.0068404,0.538751,0.557686,0.572869,0.579567,0.0535094,0.0502912,0.0561028,0.0578191,-9999,-9999
202103,2.413,0.90457,309.276,188.352,0.905914,264.666,0.903226,3.809,0.90457,97.596,0.877688,1.638,1.0,3.51,0.762769,0.6506587120150201,0.7063172043010754,100.08495625491517,0.8649193548387096,363.8499487573182,0.8649193548387096,34.64979659927445,0.864247311827957,45.82012119992192,0.8655913978494624,25.28686247019686,0.8649193548387096,333.2793596069106,0.8649193548387096,426.122,0.891801,6.911,2.601,2.417,2.479,2.81,-9999,0.0,0.90457,0.90457,0.90457,0.903898,-9999,-9999,-9999,-9999,-9999,-9999,-9999,-9999,-9999,-9999,-9999,-9999,-9999,-1.64756,0.888441,15.0792,0.887097,23.5934,0.305804,49.5942,0.895833,77.5966,0.874712,0.90857,0.84879,0.00999067,0.898653,0.90857,0.925856,0.853495,0.84879,0.844758,1.25101,1.1939,1.24101,1.25525,0.33357,0.298678,0.318828,0.333372,0.901443,0.902811,0.937465,0.952926,0.105936,0.0922226,0.1174,0.137006,-9999,-9999
202104,7.353,0.998611,396.256,192.018,0.998611,303.39,0.998611,4.431,0.997222,96.887,0.989583,4.306,1.0,3.312,0.930556,0.6172792677765687,0.9118055555555556,117.42190030177662,0.9916666666666667,384.8082983585859,0.992361111111111,31.76162487373737,0.9930555555555555,79.60144865319866,0.992361111111111,24.032435606060606,0.992361111111111,354.4259246632997,0.992361111111111,424.687,0.985417,9.553,6.347,5.991,5.532,5.518,-9999,0.0,1.0,1.0,1.0,1.0,-9999,-9999,-9999,-9999,-9999,-9999,-9999,-9999,-9999,-9999,-9999,-9999,-9999,1.8505,0.995139,19.127,0.982639,30.8362,0.332263,53.9851,0.992361,87.0339,0.897284,0.870396,0.872222,0.016954,0.864314,0.872133,0.896298,0.872917,0.872917,0.874306,1.80275,1.76777,1.7857,1.81118,0.915008,0.883025,0.911311,0.945962,1.23702,1.32372,1.37165,1.40255,0.82222,0.756617,0.816272,0.828478,-9999,-9999
202105,13.048,1.0,459.108,238.452,1.0,329.96,1.0,7.534,1.0,97.566,0.981183,4.945,1.0,2.852,0.891801,0.5256570985801939,0.8770161290322582,151.78881845461368,0.9966397849462366,484.3126350195504,0.9973118279569891,49.75833394428152,0.9973118279569891,100.1520340501792,0.9979838709677419,34.953491039426524,0.9979838709677419,382.2288415853963,0.9966397849462366,423.042,0.985887,13.656,10.516,9.436,9.006,8.692,-9999,0.0,1.0,1.0,1.0,1.0,-9999,-9999,-9999,-9999,-9999,-9999,-9999,-9999,-9999,-9999,-9999,-9999,-9999,3.85687,0.999328,42.7592,0.995296,60.644,0.643545,62.2683,0.995968,88.3132,0.836171,-0.0124087,0.952285,0.0605369,-0.0754333,-0.0301472,0.0066097,0.954301,0.952285,0.948925,4.13236,3.95352,4.11286,4.13236,4.143,4.00357,4.11115,4.14152,3.67787,3.01038,3.49776,3.66625,3.98486,3.76626,4.04048,4.11377,-9999,-9999
202106,19.7,0.998611,486.268,272.499,0.998611,368.931,0.998611,7.732,0.998611,97.428,0.988194,3.15,1.0,2.508,0.9625,0.4325816675746037,0.9624999999999999,180.46722356902356,0.9951388888888888,559.8554849326598,0.9951388888888888,71.91163207070707,0.9951388888888888,97.32156818181817,0.9951388888888888,46.816654461279455,0.9951388888888888,414.3807744107745,0.9951388888888888,421.443,0.9875,13.647,14.534,13.895,12.435,11.865,-9999,0.0,0.999306,0.999306,0.999306,0.999306,-9999,-9999,-9999,-9999,-9999,-9999,-9999,-9999,-9999,-9999,-9999,-9999,-9999,5.94444,0.997917,79.5584,0.985417,130.561,0.83683,27.022,0.988194,44.3449,0.575668,-5.26688,0.922917,0.0880942,-5.36316,-5.26992,-5.21405,0.91875,0.933333,0.922222,7.08148,6.40666,7.09587,7.38129,12.5243,11.7808,12.3454,12.6143,5.38311,5.64275,6.03139,6.81031,11.8036,11.3724,11.6334,12.0662,-9999,-9999
202107,18.556,0.997984,472.923,193.947,0.997984,385.709,0.997984,5.3,0.989247,97.397,0.983199,10.765,1.0,2.341,0.777554,0.39500782685658964,0.733198924731183,138.81633128798504,0.987231182795699,395.0480100246983,0.987231182795699,46.06087210117747,0.987231182795699,103.09037324168798,0.5040322580645161,31.114332076225583,0.987231182795699,408.45443043731944,0.987231182795699,412.713,0.989919,13.771,16.404,15.728,15.07,14.612,-9999,0.0,0.994624,0.994624,0.994624,0.994624,-9999,-9999,-9999,-9999,-9999,-9999,-9999,-9999,-9999,-9999,-9999,-9999,-9999,4.54002,0.981183,66.9573,0.934812,126.799,0.731269,9.59755,0.989247,18.1752,0.553179,-4.03414,0.929435,0.125002,-4.05603,-3.94169,-3.83865,0.927419,0.929435,0.944892,6.33558,6.33429,6.54741,6.65444,10.5427,10.3376,10.3899,10.5427,7.01161,5.02505,5.76086,6.99557,10.0681,10.2321,10.7308,11.4968,-9999,-9999
202108,21.064,0.998656,421.639,204.135,0.998656,394.1,0.998656,5.709,0.962366,97.632,0.976478,2.756,1.0,2.248,0.855511,0.36928077223035993,0.8145161290322582,145.62702524012917,0.9959677419354839,414.35985302711543,0.9959677419354839,50.544002840687845,0.7506720430107527,-9999,-9999,30.393531439925205,0.9959677419354839,421.4319831378299,0.9959677419354839,415.283,0.99328,14.481,18.127,17.241,16.477,16.01,-9999,0.0,1.0,1.0,1.0,1.0,-9999,-9999,-9999,-9999,-9999,-9999,-9999,-9999,-9999,-9999,-9999,-9999,-9999,4.89623,0.995968,74.0155,0.993952,122.957,0.802275,11.1448,0.994624,18.5142,0.48865,-3.13819,0.938844,0.134075,-3.51529,-3.28338,-3.04366,0.885081,0.953629,0.953629,9.61614,8.65285,8.95859,9.5783,12.8397,11.9001,12.4209,12.5415,8.49821,8.0915,8.54676,8.87108,12.9758,11.7577,11.98,12.1235,-9999,-9999
202109,16.626,0.99375,343.853,165.186,0.99375,357.748,0.99375,3.686,0.99375,97.452,0.9875,5.417,0.533333,2.572,0.901389,0.4160797228617971,0.8993055555555556,104.2210975975976,0.9909722222222223,-9999,-9999,-9999,-9999,65.26425356033647,0.9895833333333333,24.79126192815156,0.9909722222222223,397.2093105073158,0.9909722222222223,417.041,0.974306,14.332,16.207,15.913,15.541,15.533,-9999,0.04375,1.0,1.0,1.0,1.0,-9999,-9999,-9999,-9999,-9999,-9999,-9999,-9999,-9999,-9999,-9999,-9999,-9999,1.01231,0.997917,51.9943,0.969444,93.7476,0.606128,6.04012,0.976389,10.8906,0.550737,-3.29954,0.778472,0.0972419,-3.36866,-3.28902,-3.19468,0.769444,0.76875,0.791667,5.0174,4.64677,4.94515,5.02301,8.21767,7.90327,8.21767,8.35895,5.09144,3.65414,4.11215,4.99178,6.58171,6.36593,6.41518,6.66336,-9999,-9999
202110,12.118,1.0,254.91,115.615,0.999328,334.298,0.999328,3.035,1.0,97.34,0.993952,4.73,1.0,2.642,0.80914,0.3898112452604054,0.7856182795698925,58.470603369149025,0.993279569892473,-9999,-9999,-9999,-9999,50.93421427481997,0.9926075268817204,16.95690436239379,0.993279569892473,375.9183393742939,0.993279569892473,425.708,0.998656,12.737,12.968,12.837,12.982,13.305,-9999,0.985887,1.0,1.0,1.0,1.0,-9999,-9999,-9999,-9999,-9999,-9999,-9999,-9999,-9999,-9999,-9999,-9999,-9999,-1.73911,0.999328,27.0337,0.997312,41.5407,0.392569,3.24163,0.999328,4.98117,0.491817,-0.977939,0.950269,0.0671349,-1.05676,-0.984299,-0.94514,0.934812,0.953629,0.992608,3.54632,3.44328,3.50388,3.56982,4.4951,4.4286,4.51189,4.60195,2.02896,1.65771,1.93452,2.36978,3.80571,3.1356,3.28782,4.36285,-9999,-9999
202111,4.094,0.997222,179.172,92.133,0.998611,275.86,0.998611,3.022,0.997222,97.443,0.988889,2.546,1.0,2.731,0.952083,0.4600936582363472,0.9499999999999998,20.259211262862145,0.9916666666666667,149.60541517857143,0.6625,11.23668005952381,0.6625,33.24548564689561,0.9902777777777777,14.045986689678308,0.9916666666666667,334.4770350527852,0.9916666666666667,427.215,1.0,6.429,7.189,8.205,8.513,9.307,-9999,1.0,1.0,1.0,1.0,1.0,-9999,-9999,-9999,-9999,-9999,-9999,-9999,-9999,-9999,-9999,-9999,-9999,-9999,-5.37273,0.994444,12.831,0.993056,16.2981,0.288845,8.09996,0.992361,10.2887,0.529843,1.31952,0.908333,0.0281406,1.2912,1.32261,1.33529,0.904861,0.944444,0.942361,2.12305,2.03815,2.07765,2.12305,0.815276,0.729546,0.764417,0.80372,1.52942,1.53712,1.67309,1.81887,0.514102,0.381283,0.398728,0.514102,-9999,-9999
202112,0.964,1.0,142.982,52.825,0.997984,283.114,1.0,1.886,0.999328,97.285,0.998656,3.17,1.0,2.775,0.711694,0.5366189403467612,0.6875,7.776659361851333,0.9973118279569892,103.97740971248247,0.9973118279569892,7.601975222066386,0.9973118279569892,29.96206171107994,0.9973118279569892,6.754074918186066,0.9973118279569892,321.2305604254325,0.9973118279569892,431.034,1.0,3.131,3.798,4.669,5.077,5.9,-9999,1.0,1.0,1.0,1.0,1.0,-9999,-9999,-9999,-9999,-9999,-9999,-9999,-9999,-9999,-9999,-9999,-9999,-9999,-5.13046,1.0,11.0445,0.989919,14.0289,0.300571,-6.32759,0.987231,-8.03742,0.519039,0.978839,0.97379,0.0222333,0.933009,0.97404,0.978839,0.971102,0.97379,0.97379,1.09385,1.0783,1.08914,1.09622,0.11543,0.112602,0.115446,0.124696,0.882064,0.832126,0.869363,0.882595,0.0572838,0.0575758,0.0779024,0.0896449,-9999,-9999
