TIMESTAMP,TA_F,TA_F_QC,SW_IN_POT,SW_IN_F,SW_IN_F_QC,LW_IN_F,LW_IN_F_QC,VPD_F,VPD_F_QC,PA_F,PA_F_QC,P_F,P_F_QC,WS_F,WS_F_QC,USTAR,USTAR_QC,NETRAD,NETRAD_QC,PPFD_IN,PPFD_IN_QC,PPFD_OUT,PPFD_OUT_QC,SW_DIF,SW_DIF_QC,SW_OUT,SW_OUT_QC,LW_OUT,LW_OUT_QC,CO2_F_MDS,CO2_F_MDS_QC,TS_F_MDS_1,TS_F_MDS_2,TS_F_MDS_3,TS_F_MDS_4,TS_F_MDS_5,TS_F_MDS_1_QC,TS_F_MDS_2_QC,TS_F_MDS_3_QC,TS_F_MDS_4_QC,TS_F_MDS_5_QC,SWC_F_MDS_1,SWC_F_MDS_2,SWC_F_MDS_3,SWC_F_MDS_4,SWC_F_MDS_1_QC,SWC_F_MDS_2_QC,SWC_F_MDS_3_QC,SWC_F_MDS_4_QC,G_F_MDS,G_F_MDS_QC,LE_F_MDS,LE_F_MDS_QC,LE_CORR,LE_RANDUNC,H_F_MDS,H_F_MDS_QC,H_CORR,H_RANDUNC,NEE_VUT_REF,NEE_VUT_REF_QC,NEE_VUT_REF_RANDUNC,NEE_VUT_25,NEE_VUT_50,NEE_VUT_75,NEE_VUT_25_QC,NEE_VUT_50_QC,NEE_VUT_75_QC,RECO_NT_VUT_REF,RECO_NT_VUT_25,RECO_NT_VUT_50,RECO_NT_VUT_75,GPP_NT_VUT_REF,GPP_NT_VUT_25,GPP_NT_VUT_50,GPP_NT_VUT_75,RECO_DT_VUT_REF,RECO_DT_VUT_25,RECO_DT_VUT_50,RECO_DT_VUT_75,GPP_DT_VUT_REF,GPP_DT_VUT_25,GPP_DT_VUT_50,GPP_DT_VUT_75,RECO_SR,RECO_SR_N
201701,4.21,0.0,211.113,124.682,0.0,273.065,0.0,3.84,0.0,95.528,0.0,4.123,0.0,4.594,0.0,-9999,-9999,-9999,-9999,-9999,-9999,-9999,-9999,-9999,-9999,-9999,-9999,-9999,-9999,-9999,-9999,-9999,-9999,-9999,-9999,-9999,-9999,-9999,-9999,-9999,-9999,-9999,-9999,-9999,-9999,-9999,-9999,-9999,-9999,-9999,-9999,16.383,0.0,19.6752,-9999,33.3004,0.0,39.9921,-9999,0.211803,0.0,-9999,0.199362,0.228531,0.232082,0.0,0.0,0.0,-9999,-9999,-9999,-9999,-9999,-9999,-9999,-9999,-9999,-9999,-9999,-9999,-9999,-9999,-9999,-9999,-9999,-9999
201702,9.475,0.0,269.361,163.931,0.0,289.617,0.0,6.325,0.0,95.329,0.0,1.626,0.0,4.933,0.0,-9999,-9999,-9999,-9999,-9999,-9999,-9999,-9999,-9999,-9999,-9999,-9999,-9999,-9999,-9999,-9999,-9999,-9999,-9999,-9999,-9999,-9999,-9999,-9999,-9999,-9999,-9999,-9999,-9999,-9999,-9999,-9999,-9999,-9999,-9999,-9999,16.3419,0.0,19.5015,-9999,33.214,0.0,39.6358,-9999,0.208184,0.0,-9999,0.194645,0.225752,0.229411,0.0,0.0,0.0,-9999,-9999,-9999,-9999,-9999,-9999,-9999,-9999,-9999,-9999,-9999,-9999,-9999,-9999,-9999,-9999,-9999,-9999
201703,13.353,0.0,345.962,209.227,0.0,314.016,0.0,7.712,0.0,95.6,0.0,4.194,0.0,5.822,0.0,-9999,-9999,-9999,-9999,-9999,-9999,-9999,-9999,-9999,-9999,-9999,-9999,-9999,-9999,-9999,-9999,-9999,-9999,-9999,-9999,-9999,-9999,-9999,-9999,-9999,-9999,-9999,-9999,-9999,-9999,-9999,-9999,-9999,-9999,-9999,-9999,16.332,0.0,20.6919,-9999,33.213,0.0,42.0792,-9999,0.212891,0.0,-9999,0.199275,0.228933,0.233348,0.0,0.0,0.0,-9999,-9999,-9999,-9999,-9999,-9999,-9999,-9999,-9999,-9999,-9999,-9999,-9999,-9999,-9999,-9999,-9999,-9999
201704,15.371,0.0,417.402,209.247,0.0,336.05,0.0,6.411,0.0,95.128,0.0,13.7,0.0,5.928,0.0,-9999,-9999,-9999,-9999,-9999,-9999,-9999,-9999,-9999,-9999,-9999,-9999,-9999,-9999,-9999,-9999,-9999,-9999,-9999,-9999,-9999,-9999,-9999,-9999,-9999,-9999,-9999,-9999,-9999,-9999,-9999,-9999,-9999,-9999,-9999,-9999,16.3527,0.0,20.7368,-9999,33.2434,0.0,42.1559,-9999,0.211052,0.0,-9999,0.197864,0.227805,0.231687,0.0,0.0,0.0,-9999,-9999,-9999,-9999,-9999,-9999,-9999,-9999,-9999,-9999,-9999,-9999,-9999,-9999,-9999,-9999,-9999,-9999
201705,19.243,0.0,464.999,284.374,0.0,341.525,0.0,9.5,0.0,95.162,0.0,8.929,0.0,4.934,0.0,-9999,-9999,-9999,-9999,-9999,-9999,-9999,-9999,-9999,-9999,-9999,-9999,-9999,-9999,-9999,-9999,-9999,-9999,-9999,-9999,-9999,-9999,-9999,-9999,-9999,-9999,-9999,-9999,-9999,-9999,-9999,-9999,-9999,-9999,-9999,-9999,16.383,0.0,21.0356,-9999,33.3004,0.0,42.7574,-9999,0.211803,0.0,-9999,0.199362,0.228531,0.232082,0.0,0.0,0.0,-9999,-9999,-9999,-9999,-9999,-9999,-9999,-9999,-9999,-9999,-9999,-9999,-9999,-9999,-9999,-9999,-9999,-9999
201706,25.508,0.0,484.024,282.061,0.0,392.167,0.0,14.304,0.0,95.193,0.0,3.496,0.0,5.116,0.0,-9999,-9999,-9999,-9999,-9999,-9999,-9999,-9999,-9999,-9999,-9999,-9999,-9999,-9999,-9999,-9999,-9999,-9999,-9999,-9999,-9999,-9999,-9999,-9999,-9999,-9999,-9999,-9999,-9999,-9999,-9999,-9999,-9999,-9999,3.53662,0.0,16.3527,0.0,21.0682,-9999,33.2434,0.0,42.8297,-9999,0.211052,0.0,-9999,0.197864,0.227805,0.231687,0.0,0.0,0.0,-9999,-9999,-9999,-9999,-9999,-9999,-9999,-9999,-9999,-9999,-9999,-9999,-9999,-9999,-9999,-9999,-9999,-9999
201707,27.491,0.0,474.078,289.67,0.0,405.573,0.0,15.934,0.0,95.529,0.0,3.592,0.0,3.675,0.0,-9999,-9999,-9999,-9999,-9999,-9999,-9999,-9999,-9999,-9999,-9999,-9999,-9999,-9999,-9999,-9999,-9999,-9999,-9999,-9999,-9999,-9999,-9999,-9999,-9999,-9999,-9999,-9999,-9999,-9999,-9999,-9999,-9999,-9999,3.74641,0.0,16.3429,0.0,19.9744,-9999,33.2168,0.0,40.5978,-9999,0.208462,0.0,-9999,0.194957,0.225951,0.229631,0.0,0.0,0.0,-9999,-9999,-9999,-9999,-9999,-9999,-9999,-9999,-9999,-9999,-9999,-9999,-9999,-9999,-9999,-9999,-9999,-9999
201708,24.732,0.00873656,435.78,240.817,0.00873656,399.264,0.00873656,11.119,0.00873656,95.528,0.00806452,4.594,0.0,3.37,0.00806452,-9999,-9999,-9999,-9999,-9999,-9999,-9999,-9999,-9999,-9999,-9999,-9999,-9999,-9999,-9999,-9999,-9999,-9999,-9999,-9999,-9999,-9999,-9999,-9999,-9999,-9999,-9999,-9999,-9999,-9999,-9999,-9999,-9999,-9999,3.57701,0.00873656,16.332,0.0,20.2112,-9999,33.2162,0.00604839,41.1057,0.464562,0.212891,0.0,-9999,0.199275,0.228933,0.233348,0.0,0.0,0.0,-9999,-9999,-9999,-9999,-9999,-9999,-9999,-9999,-9999,-9999,-9999,-9999,-9999,-9999,-9999,-9999,-9999,-9999
201709,22.594,1.0,373.781,202.014,1.0,374.106,1.0,11.035,1.0,95.532,0.990278,6.687,0.0,4.328,0.968056,0.28123692196371997,0.9645833333333333,100.50857640173705,0.9979166666666667,386.21313725490194,0.5666666666666667,29.342377450980397,0.5666666666666667,72.20111111111113,1.0,30.993322251773055,0.9993055555555554,442.9794828605201,0.9993055555555554,412.937,1.0,23.917,24.22,24.287,24.38,24.195,1.0,1.0,1.0,1.0,1.0,-9999,-9999,-9999,-9999,-9999,-9999,-9999,-9999,0.644512,0.993056,17.0945,0.0138889,20.6454,-9999,22.6229,0.739583,27.3222,0.302621,0.206605,0.000694444,-9999,0.193418,0.223359,0.227241,0.000694444,0.000694444,0.000694444,-9999,-9999,-9999,-9999,-9999,-9999,-9999,-9999,-9999,-9999,-9999,-9999,-9999,-9999,-9999,-9999,-9999,-9999
201710,16.641,1.0,297.659,185.537,1.0,322.335,1.0,8.245,1.0,95.604,0.99328,2.859,0.0,5.52,0.987903,0.3488011968962611,0.9845430107526882,70.83261253145734,0.9993279569892473,384.25606182795696,1.0,32.40426747311829,1.0,45.11449468085107,0.9993279569892473,29.84531586021505,1.0,405.62992736215966,0.9993279569892473,414.185,0.989919,17.226,17.709,18.226,18.856,19.156,0.986559,0.983871,0.982527,0.994624,0.983199,-9999,33.705,34.261,28.69,-9999,0.000672043,0.000672043,0.000672043,-6.77405,0.991263,17.0076,0.0,21.3594,-9999,31.8469,0.750672,39.9955,1.03578,0.211803,0.0,-9999,0.199362,0.228531,0.232082,0.0,0.0,0.0,-9999,-9999,-9999,-9999,-9999,-9999,-9999,-9999,-9999,-9999,-9999,-9999,-9999,-9999,-9999,-9999,-9999,-9999
201711,11.3,1.0,228.704,122.371,1.0,305.523,1.0,6.162,1.0,95.664,1.0,0.363,0.0,4.797,0.977778,0.3082933090524146,0.9715277777777778,30.109999999999992,1.0,255.14963194444442,1.0,24.831243055555554,1.0,46.192708333333336,1.0,20.09819444444445,1.0,375.57437500000003,1.0,417.929,0.995139,12.184,12.669,13.19,13.866,14.269,0.996528,0.996528,0.996528,0.995833,0.996528,-9999,33.736,34.262,28.666,-9999,0.0,0.0,0.0,-5.6305,0.996528,16.8854,0.0,17.6645,-9999,25.5434,0.697917,26.7219,0.651604,0.211052,0.0,-9999,0.197864,0.227805,0.231687,0.0,0.0,0.0,-9999,-9999,-9999,-9999,-9999,-9999,-9999,-9999,-9999,-9999,-9999,-9999,-9999,-9999,-9999,-9999,-9999,-9999
201712,3.864,0.991935,194.352,100.907,0.991935,272.922,0.991935,4.741,0.801075,96.05,0.839382,0.411,0.0,4.538,0.44086,-9999,-9999,18.70745469306516,0.989247311827957,202.2612787356322,0.9354838709677419,20.335100574712637,0.9354838709677419,37.58332205517596,0.989247311827957,15.913377575812872,0.989247311827957,336.1027197677798,0.989247311827957,416.534,0.199597,6.47,7.282,8.126,9.186,10.042,0.980511,0.972446,0.976478,0.983199,0.976478,-9999,33.749,34.263,28.625,-9999,0.0,0.0,0.0,-11.429,0.726478,16.3429,0.0,17.097,-9999,26.2441,0.224462,27.455,0.662144,0.208462,0.0,-9999,0.194957,0.225951,0.229631,0.0,0.0,0.0,-9999,-9999,-9999,-9999,-9999,-9999,-9999,-9999,-9999,-9999,-9999,-9999,-9999,-9999,-9999,-9999,-9999,-9999
201801,3.128,1.0,211.113,143.124,1.0,251.87,1.0,4.651,0.0,96.204,0.946237,0.094,0.0,5.219,0.0,-9999,-9999,41.59168010752687,0.9993279569892474,292.4220863360787,0.9986559139784947,30.891447037291236,0.9986559139784947,36.64997140242507,0.9993279569892474,23.620469429192408,0.9993279569892474,332.6369881034087,0.9993279569892474,415.89,0.930108,4.157,4.548,5.035,5.798,6.346,1.0,1.0,1.0,1.0,1.0,-9999,33.748,34.263,28.68,-9999,0.0,0.0,0.0,-5.20328,1.0,16.332,0.0,19.6139,-9999,44.4523,0.0,53.385,-9999,0.212891,0.0,-9999,0.199275,0.228933,0.233348,0.0,0.0,0.0,-9999,-9999,-9999,-9999,-9999,-9999,-9999,-9999,-9999,-9999,-9999,-9999,-9999,-9999,-9999,-9999,-9999,-9999
201802,4.14,1.0,269.361,138.87,1.0,280.313,1.0,3.208,0.946429,95.844,0.551339,2.278,0.0,4.981,0.460565,-9999,-9999,60.066107364488346,0.9992559523809523,282.248047587386,0.9992559523809523,29.551992306231003,0.9992559523809523,62.02938988095237,1.0,22.036732364488355,0.9992559523809523,340.30290178571425,1.0,418.298,0.999256,5.932,6.452,6.984,7.57,7.9,1.0,1.0,1.0,1.0,1.0,-9999,33.708,34.261,28.698,-9999,0.0,0.0,0.0,-3.30566,0.994792,16.3863,0.0,19.5545,-9999,41.7669,0.0,49.8425,-9999,0.211883,0.0,-9999,0.199522,0.228609,0.232124,0.0,0.0,0.0,-9999,-9999,-9999,-9999,-9999,-9999,-9999,-9999,-9999,-9999,-9999,-9999,-9999,-9999,-9999,-9999,-9999,-9999
201803,12.417,1.0,345.962,213.249,1.0,296.228,1.0,7.692,1.0,95.556,0.995968,1.666,0.0,5.35,0.989919,0.3458169846859985,0.9805107526881718,100.71515152362905,0.9979838709677419,426.98746873539034,0.9986559139784946,41.627852968676955,0.9986559139784946,61.20349754558205,0.9986559139784946,31.618989013557737,0.9986559139784946,381.7312733754091,0.9986559139784946,419.447,0.998656,13.101,13.22,12.947,12.788,12.484,1.0,1.0,1.0,1.0,1.0,-9999,33.749,34.263,28.625,-9999,0.0,0.0,0.0,4.39499,0.986559,16.3429,0.0,20.7057,-9999,40.2113,0.0,50.9457,-9999,0.208462,0.0,-9999,0.194957,0.225951,0.229631,0.0,0.0,0.0,-9999,-9999,-9999,-9999,-9999,-9999,-9999,-9999,-9999,-9999,-9999,-9999,-9999,-9999,-9999,-9999,-9999,-9999
201804,13.483,1.0,417.402,266.472,1.0,304.055,1.0,9.662,1.0,95.579,0.994444,1.706,0.338194,6.529,0.968056,0.4201966024096554,0.9423611111111112,145.41487396572106,0.9993055555555554,525.0361396276596,0.9993055555555554,47.240419178486995,0.9993055555555554,75.95445774231679,0.9993055555555554,38.223102245862876,0.9993055555555554,392.5905023640662,0.9993055555555554,417.838,1.0,15.718,15.906,15.787,15.656,15.326,1.0,1.0,1.0,1.0,1.0,-9999,33.728,34.25,28.666,-9999,0.000694444,0.000694444,0.0,4.93827,0.986806,16.3527,0.0,20.7368,-9999,40.1212,0.0,50.8776,-9999,0.211052,0.0,-9999,0.197864,0.227805,0.231687,0.0,0.0,0.0,-9999,-9999,-9999,-9999,-9999,-9999,-9999,-9999,-9999,-9999,-9999,-9999,-9999,-9999,-9999,-9999,-9999,-9999
201805,24.59,1.0,464.999,299.966,1.0,373.681,1.0,14.903,0.889785,95.269,0.99328,1.603,1.0,5.732,0.948253,0.3656352608058969,0.9159946236559142,182.72111468597006,0.9865591397849462,602.9166302538365,0.9919354838709677,46.90013929522821,0.9919354838709677,79.31513952685569,0.9919354838709677,42.28702626808045,0.9912634408602151,457.90420484793856,0.9919354838709677,416.058,0.260753,25.789,25.577,24.512,23.473,22.391,1.0,1.0,1.0,1.0,1.0,36.236,33.748,34.263,28.68,0.0,0.0,0.0,0.0,13.7353,0.99328,14.178,0.0,18.2044,-9999,40.0888,0.0,51.4735,-9999,0.309988,0.0,-9999,0.296372,0.314384,0.318799,0.0,0.0,0.0,-9999,-9999,-9999,-9999,-9999,-9999,-9999,-9999,-9999,-9999,-9999,-9999,-9999,-9999,-9999,-9999,-9999,-9999
201806,27.503,1.0,484.024,314.256,1.0,395.302,1.0,15.118,0.776389,95.237,0.992361,3.095,1.0,5.766,0.440278,-9999,-9999,188.094248999324,0.9902777777777778,630.4835984951809,0.992361111111111,50.86395090016366,0.992361111111111,85.13475961538461,0.5034722222222222,44.31844101842627,0.9909722222222221,482.75172072787944,0.9916666666666667,416.229,0.0,30.965,30.651,29.562,28.442,27.254,0.999306,0.999306,0.999306,0.999306,0.999306,36.237,33.736,34.263,28.666,0.0,0.0,0.000694444,0.0,12.6803,1.0,13.2794,0.0,17.1087,-9999,36.2368,0.0,46.6863,-9999,0.360299,0.0,-9999,0.347112,0.359595,0.363253,0.0,0.0,0.0,-9999,-9999,-9999,-9999,-9999,-9999,-9999,-9999,-9999,-9999,-9999,-9999,-9999,-9999,-9999,-9999,-9999,-9999
201807,28.267,1.0,474.078,294.437,1.0,405.088,1.0,17.195,0.183468,95.707,0.988575,1.732,1.0,3.425,0.0336022,-9999,-9999,176.67120624571035,0.9979838709677419,594.8914387439945,0.9986559139784946,45.30112674445208,0.9986559139784946,93.84872168840081,0.9986559139784946,41.794476950354614,0.9986559139784946,485.8705373484329,0.9979838709677419,416.499,0.0,31.412,31.15,30.37,29.59,28.719,1.0,1.0,1.0,1.0,1.0,36.236,33.711,34.261,28.729,0.0,0.0,0.0,0.0,10.9681,1.0,13.2944,0.0,16.2484,-9999,31.0179,0.0,37.9102,-9999,0.360242,0.0,-9999,0.347801,0.359844,0.363078,0.0,0.0,0.0,-9999,-9999,-9999,-9999,-9999,-9999,-9999,-9999,-9999,-9999,-9999,-9999,-9999,-9999,-9999,-9999,-9999,-9999
201808,27.518,1.0,435.78,264.259,1.0,396.091,1.0,16.818,0.97043,95.552,0.991935,2.623,1.0,4.538,0.977151,0.29444465513794954,0.9630376344086022,153.96520561656376,0.9973118279569891,537.1193356878671,0.9973118279569891,40.47527965568519,0.9973118279569891,81.04396019217569,0.9973118279569891,37.50360312285518,0.9973118279569891,473.4827693891558,0.9973118279569891,418.129,0.0,28.992,28.841,28.366,27.928,27.373,1.0,1.0,1.0,1.0,1.0,36.24,33.871,34.302,28.683,0.0,0.0,0.0,0.0,6.91064,0.995968,13.2767,0.0,16.4302,-9999,30.6302,0.0,37.9055,-9999,0.359325,0.0,-9999,0.34582,0.358839,0.362337,0.0,0.0,0.0,-9999,-9999,-9999,-9999,-9999,-9999,-9999,-9999,-9999,-9999,-9999,-9999,-9999,-9999,-9999,-9999,-9999,-9999
201809,22.43,0.997222,373.781,187.412,0.997222,384.503,0.997222,8.438,0.376389,95.639,0.983333,7.143,1.0,4.406,0.930556,0.29181067476418227,0.9173611111111112,109.98713418094651,0.9937499999999999,387.04877408300666,0.9937499999999999,27.55413448654978,0.9937499999999999,70.40723181247522,0.9937499999999999,26.032427592213264,0.9937499999999999,440.5558468789921,0.9937499999999999,418.736,0.0,23.881,24.156,24.383,24.585,24.544,0.997222,0.996528,0.997222,0.997222,0.997222,36.238,34.011,36.262,28.711,0.000694444,0.000694444,0.000694444,0.000694444,-0.837237,0.995139,13.2794,0.0,16.0378,-9999,30.8477,0.0,37.2555,-9999,0.360299,0.0,-9999,0.347112,0.359595,0.363253,0.0,0.0,0.0,-9999,-9999,-9999,-9999,-9999,-9999,-9999,-9999,-9999,-9999,-9999,-9999,-9999,-9999,-9999,-9999,-9999,-9999
201810,14.73,0.998656,297.659,139.266,0.998656,343.421,0.998656,4.993,0.905242,95.743,0.995968,9.956,1.0,4.322,0.859543,0.2892102251694742,0.8333333333333333,70.44226637081175,0.9966397849462365,291.4451650600029,0.9966397849462365,21.83432524021963,0.9966397849462365,59.12178706245711,0.9966397849462365,19.6833470341715,0.9966397849462365,395.7946987895425,0.9966397849462365,419.057,0.350806,16.128,16.589,17.199,17.835,18.184,1.0,1.0,1.0,1.0,1.0,36.233,34.024,36.266,28.726,0.000672043,0.000672043,0.000672043,0.000672043,-7.45123,0.997984,13.2747,0.0,16.6713,-9999,19.9272,0.0,25.026,-9999,0.345165,0.0,-9999,0.338578,0.341058,0.345165,0.0,0.0,0.0,-9999,-9999,-9999,-9999,-9999,-9999,-9999,-9999,-9999,-9999,-9999,-9999,-9999,-9999,-9999,-9999,-9999,-9999
201811,6.601,0.996528,228.704,131.92,0.997222,276.917,0.995833,4.388,0.996528,95.703,0.989583,0.05,1.0,4.562,0.983333,0.29181587716758534,0.9756944444444444,39.23629648690553,0.9916666666666667,275.1342462561663,0.99375,33.15162624794456,0.99375,39.26624265914964,0.99375,23.29282262818687,0.992361111111111,348.63885912698413,0.9930555555555555,419.964,0.567361,7.525,8.151,9.172,10.284,11.069,0.997222,0.998611,0.998611,0.997222,0.998611,36.354,31.55,36.271,28.725,0.0,0.0,0.0,0.0,-11.4705,0.989583,13.7695,0.0,16.0616,-9999,30.2159,0.0,35.2458,-9999,0.314322,0.0,-9999,0.300149,0.303781,0.309126,0.0,0.0,0.0,-9999,-9999,-9999,-9999,-9999,-9999,-9999,-9999,-9999,-9999,-9999,-9999,-9999,-9999,-9999,-9999,-9999,-9999
201812,4.082,0.965054,194.352,100.761,0.969086,274.599,0.965054,3.374,0.965054,95.709,0.942204,2.79,1.0,5.043,0.905242,0.3213489619820759,0.8877688172043011,22.396494000814947,0.901209677419355,213.00556482919256,0.9018817204301076,21.904988277919863,0.5470430107526882,36.99079645445135,0.9018817204301076,17.21288593426501,0.9018817204301076,336.1467164855072,0.9018817204301076,417.822,0.96371,4.898,5.429,6.197,7.08,7.699,0.987903,0.987903,0.987903,0.987903,0.987903,37.087,29.133,36.816,28.753,0.0,0.0,0.0,0.0,-8.32519,0.93078,12.1256,0.0,12.6851,0.241084,18.3594,0.293011,19.2065,0.847331,0.302467,0.0,0.0210408,0.289766,0.293118,0.2974,0.0,0.0,0.0,-9999,-9999,-9999,-9999,-9999,-9999,-9999,-9999,-9999,-9999,-9999,-9999,-9999,-9999,-9999,-9999,-9999,-9999
201901,3.431,0.998656,211.113,106.905,0.998656,274.301,0.998656,3.094,0.998656,95.766,0.998656,1.087,1.0,4.776,0.936156,0.3057648758750999,0.907258064516129,28.252849462365596,0.9973118279569891,226.16719819159337,0.9973118279569891,27.176197666666663,0.7883064516129032,41.158278347996095,0.9973118279569891,18.312118157380258,0.9973118279569891,334.0785068426198,0.9973118279569891,418.738,0.997984,4.128,4.596,5.204,5.914,6.387,1.0,1.0,1.0,1.0,1.0,37.084,29.206,37.715,29.732,0.000672043,0.13172,0.000672043,0.0,-7.56272,0.997312,10.45,0.925403,10.9322,0.13653,22.0381,0.920699,23.055,0.513819,0.249438,0.852151,0.00716923,0.247062,0.258426,0.260429,0.841398,0.854167,0.853495,0.520193,0.510178,0.51412,0.522536,0.279803,0.25496,0.259729,0.264433,0.327192,0.29193,0.326503,0.337703,0.188427,0.172543,0.184679,0.19237,-9999,-9999
201902,3.11,1.0,269.361,123.236,1.0,285.594,1.0,2.96,1.0,95.482,0.998512,1.437,1.0,5.061,0.751488,0.35036326331692924,0.6852678571428573,52.44333744934145,0.9992559523809523,258.61802257472135,0.9992559523809523,36.57127485435664,0.9992559523809523,54.142811233535966,0.9992559523809523,19.774410460992907,0.9992559523809523,337.5827855876393,0.9992559523809523,420.925,0.979167,4.905,5.32,5.777,6.295,6.586,1.0,1.0,1.0,1.0,1.0,38.05,30.023,38.153,29.551,0.000744048,0.0863095,0.000744048,0.000744048,-4.70176,0.97247,13.3746,0.966518,18.1327,0.201928,29.1446,0.97619,39.513,0.543236,0.288463,0.903274,0.00610409,0.28459,0.288463,0.291647,0.903274,0.903274,0.911458,0.499912,0.491221,0.501465,0.506498,0.213002,0.208367,0.212662,0.215074,0.528254,0.404166,0.52048,0.532225,0.224647,0.182099,0.224229,0.225655,-9999,-9999
201903,8.178,1.0,345.962,191.272,1.0,297.484,1.0,5.287,1.0,95.819,0.99664,2.693,1.0,5.175,0.881048,0.34184565400127165,0.8575268817204301,96.23093113869741,0.9946236559139785,395.35378254404026,0.9973118279569891,47.244223823686426,0.9973118279569891,80.9237676351712,0.9973118279569891,28.81852269694197,0.9966397849462365,365.637792362541,0.9966397849462365,421.126,0.987231,9.348,9.457,9.321,9.286,9.105,0.978495,0.978495,0.978495,0.978495,0.978495,38.21,30.511,38.952,29.871,0.0,0.0,0.0,0.0,3.28118,0.995296,26.6014,0.997984,31.3403,0.324256,53.3359,0.999328,62.8373,0.612738,0.28012,0.94086,0.012633,0.276372,0.282355,0.298171,0.94086,0.94086,0.943548,0.923221,0.914422,0.915734,0.923181,0.643696,0.616743,0.638992,0.646228,0.852271,0.849645,0.866736,0.878278,0.609459,0.605567,0.61757,0.623309,-9999,-9999
201904,15.459,1.0,417.402,234.211,1.0,330.805,1.0,7.61,1.0,95.124,0.994444,4.526,1.0,5.502,0.922222,0.3568128481363201,0.9090277777777779,128.39316841016552,0.9951388888888888,483.62997824074074,0.9958333333333333,45.626552777777775,0.9958333333333333,79.54039184397162,0.9951388888888888,34.24809830575256,0.9951388888888888,404.67567129629623,0.9958333333333333,420.895,0.9625,16.243,16.31,15.907,15.538,15.044,1.0,1.0,1.0,1.0,1.0,37.827,32.823,39.029,29.27,0.0,0.0,0.0,0.467361,8.04438,0.943056,53.4244,0.667361,67.7474,0.447318,40.6174,0.963889,51.5069,0.58885,-0.152447,0.65,0.0377528,-0.152388,-0.143507,0.0958414,0.65,0.65,0.65,2.98899,2.90263,2.98992,3.03754,3.1423,2.78475,3.14324,3.19589,1.76501,1.7141,1.7433,1.81132,2.54545,2.54435,2.5595,2.56944,-9999,-9999
201905,18.869,1.0,464.999,216.775,1.0,374.181,1.0,6.616,1.0,95.03,0.99664,15.54,1.0,5.098,0.632392,0.3032704600963846,0.5900537634408602,134.10045866655724,0.9946236559139786,444.3749837151317,0.9966397849462366,34.231116214742094,0.9966397849462366,87.66850402694546,0.9959677419354839,32.48698838399663,0.9946236559139786,424.0798977325852,0.9966397849462366,420.205,0.379032,20.048,20.069,19.525,19.045,18.483,1.0,1.0,1.0,1.0,1.0,36.256,30.668,39.418,32.0,0.0,0.0,0.0,0.641129,8.48407,0.986559,71.247,0.919355,96.7573,0.610476,20.9193,0.931452,28.4095,0.409708,-1.59406,0.741263,0.0350339,-1.63996,-1.59988,-1.58518,0.813844,0.74328,0.741263,4.13485,4.08368,4.11989,4.12805,5.71409,5.71183,5.72206,5.73387,2.80593,2.79846,2.86347,2.87944,4.84042,4.82745,4.87816,4.88748,-9999,-9999
201906,24.336,0.998611,484.024,308.659,0.997222,389.539,0.998611,12.347,0.998611,95.262,0.994444,2.85,1.0,4.542,0.905556,0.30391669668866717,0.8895833333333332,192.5388057088374,0.9930555555555556,632.9061025197627,0.9958333333333333,43.35799472990778,0.9958333333333333,78.80443072024595,0.9958333333333333,46.84285753079978,0.99375,459.8486155028546,0.9958333333333333,426.686,0.522917,26.62,26.492,25.594,24.687,23.768,1.0,1.0,1.0,1.0,1.0,36.286,31.387,38.88,27.609,0.184028,0.211806,0.0,0.990972,11.8668,0.995139,116.911,0.991667,141.453,0.863379,34.0589,0.992361,41.2087,0.506939,-1.59399,0.560417,0.0404635,-1.72058,-1.59652,-1.58864,0.654861,0.564583,0.561111,4.5993,4.54311,4.57583,4.59957,6.16982,6.14923,6.17859,6.25061,5.86825,5.68694,5.86825,6.0434,7.20423,7.17999,7.20423,7.35697,-9999,-9999
201907,27.483,1.0,474.078,317.206,1.0,405.361,1.0,17.581,1.0,95.445,0.998656,1.525,0.999328,4.498,0.445565,-9999,-9999,188.02502922672159,0.9959677419354839,655.4457837451383,0.9966397849462365,50.70909859490582,0.9966397849462365,76.72006611013298,0.9973118279569892,49.2557814096698,0.9959677419354839,486.0194285251278,0.9966397849462365,418.716,0.99664,31.684,31.393,30.444,29.393,28.271,1.0,1.0,1.0,1.0,1.0,31.467,25.492,38.929,15.525,0.971102,0.901882,0.299059,0.989247,11.2506,0.994624,63.2654,0.788306,82.0627,0.562508,71.9616,0.838038,93.3427,0.62728,-0.295963,0.780914,0.0264467,-0.311669,-0.278477,-0.275412,0.781586,0.778898,0.778898,2.76675,2.71418,2.76646,2.778,3.03999,3.03056,3.04271,3.05289,2.8071,2.72293,2.76481,2.8071,2.81143,2.79904,2.87159,2.88202,-9999,-9999
201908,28.509,0.982527,435.78,263.752,0.983199,421.758,0.982527,18.899,0.982527,95.287,0.975806,2.206,1.0,4.487,0.962366,0.300697653795782,0.9448924731182795,145.71022527580774,0.9637096774193549,548.1134355594957,0.9643817204301075,51.20698122537431,0.9637096774193549,80.44669464144997,0.9637096774193549,43.07305427501969,0.9637096774193549,495.4365595941687,0.9637096774193549,419.91,0.975806,32.934,32.727,32.079,31.296,30.317,0.982527,0.982527,0.982527,0.982527,0.982527,23.346,15.638,36.203,12.79,0.933468,0.93078,0.950269,0.977823,7.38563,0.97379,38.6296,0.969758,44.7938,0.530773,80.9539,0.972446,93.8721,0.601009,1.28093,0.94422,0.0163808,1.24925,1.28182,1.32804,0.94422,0.944892,0.946237,1.6862,1.66177,1.68951,1.71627,0.422445,0.391167,0.405747,0.409028,1.75778,1.75378,1.78583,1.8213,0.530532,0.524898,0.546155,0.561848,-9999,-9999
201909,26.46,1.0,373.781,226.51,1.0,407.908,1.0,14.546,1.0,95.398,0.994444,1.693,1.0,4.831,0.984028,0.30619275617830727,0.98125,128.13446194367356,0.9972222222222221,478.21999281786424,0.9979166666666667,39.615706245503134,0.9979166666666667,69.84450515212252,0.9979166666666667,34.20988477104533,0.9972222222222221,473.2977613963409,0.9979166666666667,420.262,0.99375,27.958,27.925,27.697,27.459,27.004,1.0,1.0,1.0,1.0,1.0,23.52,29.218,35.399,18.421,0.986111,0.777778,0.0430556,0.918056,3.55531,0.995139,49.9782,0.999306,62.7662,0.573679,49.2465,0.999306,61.8473,0.583604,0.795515,0.975,0.023164,0.772157,0.780339,0.787379,0.973611,0.975694,0.975,2.52829,2.52228,2.52544,2.52978,1.73343,1.74084,1.74668,1.75393,2.40688,2.24828,2.27088,2.39823,1.90966,1.79697,1.82222,1.9056,-9999,-9999
201910,13.385,0.998656,297.659,174.695,0.998656,318.176,0.998656,8.367,0.998656,95.517,0.992608,0.617,1.0,5.626,0.927419,0.3533320802696046,0.8877688172043011,71.1482119163368,0.9905913978494624,365.4430635897111,0.9919354838709677,33.07698683777095,0.9919354838709677,42.905416295784065,0.9919354838709677,29.226518414120186,0.9919354838709677,394.1862100746941,0.9919354838709677,417.264,1.0,16.395,17.06,18.167,19.251,19.981,1.0,1.0,1.0,1.0,1.0,21.895,24.012,38.407,15.896,0.975134,0.90457,0.515457,0.602823,-6.71575,0.994624,22.3135,0.649866,28.0229,0.32486,45.8584,0.736559,57.5923,0.551998,-0.0467605,0.585349,0.0198297,-0.0476471,-0.0467605,-0.0434289,0.585349,0.585349,0.58871,1.04366,1.03023,1.03747,1.04588,1.09051,1.07602,1.0886,1.0908,1.25373,1.11859,1.24445,1.25053,1.32168,1.22866,1.31882,1.32166,-9999,-9999
201911,7.603,1.0,228.704,124.887,1.0,289.838,1.0,4.771,1.0,95.702,0.997917,1.157,1.0,4.589,0.865278,0.290206988453806,0.8493055555555558,36.86780137347107,0.9958333333333333,261.41821148756287,0.9965277777777778,30.23753704774386,0.9965277777777778,33.03108470808922,0.9979166666666667,21.747467179309282,0.9958333333333333,355.8722002518244,0.9979166666666667,421.905,1.0,8.0,8.482,9.285,10.447,11.453,1.0,1.0,1.0,1.0,1.0,19.318,19.976,38.779,13.778,0.947917,0.0104167,0.0145833,0.611806,-7.62102,0.991667,13.7627,0.323611,16.0537,-9999,25.9545,0.582639,30.275,1.22106,0.164246,0.0583333,-9999,0.161097,0.163062,0.164019,0.0583333,0.0583333,0.0583333,0.51745,0.494196,0.499963,0.514713,0.353681,0.332248,0.34843,0.353204,0.729243,0.602415,0.723292,0.729099,0.671991,0.575215,0.671016,0.677086,-9999,-9999
201912,5.838,0.985215,194.352,111.886,0.985887,273.858,0.985215,4.333,0.985215,95.627,0.981855,1.527,1.0,4.438,0.861559,0.275371132751517,0.8185483870967742,14.792784737732502,0.9771505376344085,217.86285015392954,0.9771505376344085,25.39717559010474,0.9771505376344085,38.15860653449871,0.9334677419354839,17.9478698309166,0.9771505376344085,348.35193758325823,0.9778225806451613,423.819,0.983871,5.709,6.165,6.872,7.715,8.468,1.0,1.0,1.0,1.0,1.0,20.039,19.221,38.727,16.692,0.985215,0.0,0.0,0.905242,-7.91283,0.995968,12.6432,0.530914,13.9893,0.190313,14.2217,0.747984,15.7359,0.465572,0.236259,0.445565,0.00602955,0.227871,0.230083,0.236156,0.448253,0.445565,0.445565,0.351885,0.336484,0.341932,0.345878,0.11586,0.103474,0.1082,0.115827,0.463791,0.435597,0.45595,0.465359,0.300435,0.293416,0.297983,0.312017,-9999,-9999
202001,5.344,1.0,211.113,117.687,1.0,278.487,1.0,3.771,1.0,95.675,0.997984,0.643,1.0,4.86,0.866935,0.2955127970684346,0.8407258064516129,30.65221831388699,0.9979838709677419,237.2663833166947,0.9959677419354839,28.035302770325078,0.9959677419354839,31.7959434339968,0.9986559139784946,19.510683196064974,0.9979838709677419,352.73425560512464,0.9993279569892474,423.041,0.25672,5.179,5.571,6.1,6.752,7.19,1.0,0.999328,0.999328,0.999328,0.999328,30.984,20.685,38.336,24.028,0.888441,0.0,0.0,0.960349,-6.0059,0.995296,12.5453,0.979839,13.881,0.201157,19.2469,0.980511,21.2961,0.51617,0.183553,0.926747,0.00629747,0.177629,0.18258,0.183553,0.930108,0.926747,0.926747,0.364001,0.346895,0.351392,0.360517,0.178354,0.167214,0.173763,0.177542,0.441528,0.441528,0.465091,0.519565,0.219523,0.219494,0.233054,0.252701,-9999,-9999
202002,5.084,1.0,270.638,151.459,1.0,282.764,1.0,4.181,1.0,95.673,1.0,0.567,1.0,5.315,0.9375,0.34645417980137583,0.9375,59.42867885870894,0.9971264367816094,301.27236912793603,0.9985632183908046,35.55444027986006,0.9985632183908046,53.42595577211394,0.9985632183908046,24.441463204567928,0.9971264367816094,357.45248313343325,0.9985632183908046,421.956,0.978448,6.231,6.566,6.927,7.385,7.638,1.0,1.0,1.0,1.0,1.0,32.636,33.707,38.453,24.434,0.0,0.0,0.0,0.992816,-3.03992,0.993534,16.3672,1.0,20.1948,0.216234,34.5551,0.997845,42.636,0.713568,0.126232,0.971264,0.00551633,0.124521,0.127238,0.128415,0.971264,0.971983,0.978448,0.429769,0.424591,0.430313,0.435025,0.302365,0.300305,0.303014,0.305219,0.417846,0.406982,0.411335,0.415116,0.292251,0.288231,0.289553,0.29099,-9999,-9999
202003,12.249,1.0,348.548,174.227,1.0,323.963,1.0,6.43,1.0,95.5,0.997312,7.375,1.0,4.896,0.863575,0.3247727230965609,0.8454301075268816,77.96006311360449,0.9986559139784947,354.13612556241907,0.9973118279569891,34.763483146495844,0.9973118279569891,67.10810250116877,0.9986559139784947,25.085725806451617,0.9986559139784947,400.2306100981767,0.9986559139784947,425.736,0.994624,12.687,12.768,12.533,12.387,12.091,1.0,1.0,1.0,1.0,1.0,34.396,32.588,39.078,27.112,0.0,0.0,0.0,0.985215,3.76341,0.994624,24.6135,0.991935,30.1743,0.333467,36.0645,0.991935,44.2123,0.839838,0.268812,0.948253,0.0126852,0.268502,0.272001,0.273816,0.947581,0.954301,0.954301,1.35283,1.32493,1.34671,1.35609,1.0663,1.06523,1.07655,1.08362,1.15278,1.07019,1.15431,1.17297,0.947837,0.905734,0.948107,0.957036,-9999,-9999
202004,14.174,1.0,419.392,254.898,1.0,324.722,1.0,7.984,1.0,95.257,1.0,3.022,1.0,5.685,0.988889,0.3619568854396949,0.9847222222222222,132.00860265700481,0.9979166666666668,512.4448115942029,0.9986111111111112,42.96353140096618,0.9986111111111112,86.11246376811596,0.9986111111111112,37.1648777173913,0.9979166666666668,416.82098731884054,0.9986111111111112,422.781,0.993056,16.03,16.205,16.014,15.825,15.461,1.0,1.0,1.0,1.0,1.0,37.076,32.259,38.834,28.658,0.0,0.0798611,0.0,0.984722,4.35997,0.997917,51.7558,0.984028,62.5371,0.495508,52.507,0.991667,63.4448,0.646011,-1.0359,0.958333,0.0220018,-1.04384,-1.03855,-1.03311,0.961806,0.957639,0.970139,1.871,1.85524,1.86294,1.86616,2.90809,2.89228,2.902,2.90809,1.74914,1.72529,1.74159,1.75687,2.88835,2.87404,2.88728,2.89008,-9999,-9999
202005,19.99,1.0,466.083,273.392,1.0,365.355,1.0,10.071,1.0,95.29,0.995968,6.989,1.0,5.066,0.965726,0.3229721345395393,0.9381720430107526,146.74597346145046,0.9993279569892473,555.1580204758637,0.9993279569892474,43.005188315030885,0.9993279569892474,95.02829301075269,1.0,41.6184271333791,0.9993279569892473,456.53057795698925,1.0,423.3,0.0806452,22.288,22.249,21.64,21.039,20.339,1.0,1.0,1.0,1.0,1.0,37.72,32.435,38.686,21.958,0.464382,0.934812,0.0,0.980511,7.93744,0.997984,72.8399,0.993952,79.7885,0.648696,53.5462,0.990591,58.6542,0.588448,-0.680668,0.0806452,0.0374914,-0.699775,-0.680668,-0.671718,0.0806452,0.0806452,0.0806452,2.06515,2.0651,2.06515,2.06517,2.74583,2.73647,2.7453,2.74916,1.76617,1.69252,1.69873,1.76617,2.92285,2.88336,2.90879,2.93135,-9999,-9999
202006,26.33,1.0,484.153,322.141,1.0,388.416,1.0,17.292,1.0,95.237,0.997917,14.793,1.0,6.003,0.991667,0.37543807665660756,0.9854166666666667,162.8961812943262,0.9979166666666667,648.9894063238771,0.9993055555555554,56.71209249408982,0.9993055555555554,75.97458333333333,1.0,50.95203959810875,0.9993055555555554,503.76847222222216,1.0,419.052,0.572222,29.049,28.765,27.859,26.907,25.874,1.0,1.0,1.0,1.0,1.0,31.465,18.98,38.859,19.041,0.984028,0.921528,0.516667,0.970833,11.124,0.998611,58.8437,0.997917,65.4963,0.76357,77.4101,0.997222,86.1617,0.688009,0.209729,0.566667,0.0329406,0.196669,0.21256,0.223258,0.566667,0.566667,0.567361,1.93399,1.91416,1.93435,1.94935,1.72248,1.72293,1.72557,1.72865,2.08196,2.05666,2.06469,2.08189,2.02768,2.01101,2.02902,2.03251,-9999,-9999
202007,28.275,1.0,473.278,282.778,1.0,418.717,1.0,16.43,1.0,95.269,0.998656,1.51,1.0,4.646,0.99664,0.30447304915931633,0.9919354838709677,144.82982340997484,0.9993279569892473,580.8065389784946,1.0,51.687909946236545,1.0,87.78030913978495,1.0,44.02608198924732,1.0,519.189247311828,1.0,424.257,1.0,31.731,31.465,30.695,29.883,28.944,1.0,1.0,1.0,1.0,1.0,28.747,18.974,39.313,16.971,0.995968,0.875,0.366935,0.985215,8.34343,0.999328,60.0278,0.995968,62.4516,0.668074,71.7516,0.997312,74.6487,0.584949,0.152229,0.981183,0.0284251,0.116178,0.147624,0.19239,0.981183,0.981183,0.983871,2.3439,2.29613,2.34341,2.40392,2.17822,2.18205,2.20302,2.21729,2.61783,2.51406,2.58011,2.60933,2.37139,2.33961,2.35655,2.36824,-9999,-9999
202008,27.17,1.0,434.097,276.504,1.0,399.47,1.0,18.361,1.0,95.314,0.988575,1.655,1.0,4.369,0.987903,0.27724116675862953,0.976478494623656,130.40602990435974,0.9973118279569892,563.0427343571265,0.9986559139784946,49.25732545532312,0.9979838709677419,77.13142158544953,0.9986559139784946,42.49725737444421,0.9979838709677419,508.3156520744433,0.9979838709677419,416.266,0.99328,29.601,29.478,29.021,28.53,27.862,1.0,1.0,1.0,1.0,1.0,26.042,21.879,39.071,15.205,0.993952,0.919355,0.38172,0.987231,5.51954,0.998656,56.7024,0.99664,58.3652,0.534951,65.204,0.997312,67.1162,0.566264,0.164186,0.971102,0.0221589,0.165119,0.167543,0.170332,0.971102,0.975134,0.975806,2.38211,2.3587,2.38734,2.39925,2.23055,2.18613,2.2156,2.23073,2.14004,2.15523,2.17666,2.19488,2.0693,2.09258,2.10061,2.1421,-9999,-9999
202009,20.921,1.0,371.425,214.93,0.996528,364.215,1.0,10.187,1.0,95.624,0.981944,3.736,1.0,4.163,0.961806,0.25590935622865063,0.9347222222222222,93.0017361111111,1.0,428.87297916666665,1.0,35.35314583333333,1.0,79.78770833333334,1.0,31.430749999999996,1.0,458.49465277777773,1.0,422.223,1.0,22.656,22.986,23.328,23.638,23.744,1.0,1.0,1.0,1.0,1.0,24.022,24.335,38.615,18.491,0.965972,0.515278,0.202083,0.979861,-2.43672,0.999306,33.1911,0.165278,34.1645,0.645228,50.1924,0.675694,51.6644,0.465217,0.806059,0.175694,0.0256288,0.799595,0.806153,0.864103,0.175,0.175,0.182639,1.36961,1.36713,1.36964,1.37321,0.564567,0.50155,0.564882,0.569986,1.19567,1.00501,1.08992,1.19567,0.128776,0.12413,0.146245,0.182075,-9999,-9999
202010,14.261,0.885081,295.14,167.627,0.887769,323.39,0.885081,9.03,0.885081,95.61,0.852823,1.623,1.0,5.274,0.820565,0.312652743313979,0.7883064516129032,59.25232680724256,0.8548387096774194,353.77501903254444,0.8575268817204301,33.5946236515312,0.8575268817204301,49.45444315371865,0.8575268817204301,28.703829980695232,0.855510752688172,424.10173110105706,0.8575268817204301,419.254,0.879032,17.254,17.79,18.613,19.314,19.692,0.884409,0.885081,0.884409,0.884409,0.885081,23.096,15.536,38.107,14.886,0.813844,0.850134,0.540995,0.851478,-3.82991,0.880376,18.2494,0.329301,20.2604,0.147238,45.1114,0.823925,50.0825,0.446131,0.334305,0.336022,0.00764826,0.335121,0.336702,0.366354,0.336022,0.334677,0.328629,0.613484,0.608324,0.613915,0.620599,0.283561,0.239489,0.277938,0.284417,0.446781,0.376627,0.399739,0.488161,0.103804,0.0867095,0.100757,0.123378,-9999,-9999
202011,11.315,1.0,226.889,136.809,1.0,299.907,1.0,5.944,1.0,95.813,0.990972,18.114,1.0,5.282,0.976389,0.3160185934715275,0.9715277777777778,31.708790336879428,0.9993055555555554,276.86628472222225,1.0,29.10693055555556,1.0,32.875277777777775,1.0,22.66082830969267,0.9993055555555554,389.6184027777779,1.0,424.462,0.638194,11.527,11.956,12.527,13.205,13.648,1.0,1.0,1.0,1.0,1.0,22.544,12.767,37.622,26.283,0.00138889,0.00138889,0.00208333,0.985417,-7.38025,0.997222,15.167,0.995139,16.8383,0.203583,19.7598,0.994444,21.9372,0.467562,0.513722,0.620833,0.00736464,0.522675,0.524665,0.533244,0.609722,0.619444,0.619444,0.701525,0.700467,0.703727,0.705672,0.181033,0.17189,0.175867,0.180015,0.464694,0.449587,0.465091,0.469596,0.191171,0.186126,0.188772,0.190727,-9999,-9999
202012,5.128,1.0,194.047,112.816,0.999328,269.894,1.0,4.492,0.99664,95.667,0.997312,3.085,1.0,4.797,0.968414,0.2782331625990776,0.9657258064516129,16.230760266529398,0.9993279569892474,224.1565725806452,1.0,39.51136424731182,1.0,28.98629032258064,1.0,23.846064973690233,0.9993279569892474,349.3666666666667,1.0,425.26,0.0,5.315,5.839,6.633,7.556,8.233,1.0,1.0,1.0,1.0,1.0,22.196,13.023,37.021,27.208,0.0,0.0,0.0,0.994624,-9.89133,0.999328,11.3862,0.995296,13.9223,0.165569,9.92782,0.994624,12.1391,0.506008,0.401937,0.0,-9999,0.412412,0.417338,0.418757,0.0,0.0,0.0,0.494113,0.493763,0.49477,0.496659,0.0749424,0.0760639,0.0788268,0.0804577,0.216272,0.187909,0.216186,0.232846,0.183961,0.16939,0.183947,0.186824,-9999,-9999
202101,4.318,1.0,211.113,117.753,1.0,276.352,1.0,3.387,1.0,95.704,0.998656,11.989,0.817204,4.657,0.577957,0.26641722450143523,0.5571236559139785,31.159106897735068,0.9993279569892473,229.0972644989705,0.9993279569892473,27.513520933424847,0.9993279569892473,42.26509094028826,0.9993279569892473,19.752058596431024,0.9993279569892473,348.7952570921986,0.9993279569892473,427.207,0.0,4.993,5.427,5.985,6.665,7.128,1.0,1.0,1.0,1.0,1.0,21.524,17.986,35.788,29.82,0.0,0.0,0.0,0.994624,-7.96506,0.788306,11.7903,0.788978,13.8876,0.169892,14.0255,0.788978,16.5204,0.502159,0.294268,0.0,-9999,0.273476,0.285569,0.294268,0.0,0.0,0.0,0.592192,0.558659,0.585435,0.593979,0.270767,0.271172,0.29095,0.307886,0.356083,0.311475,0.356079,0.374064,0.168391,0.151988,0.168389,0.175685,-9999,-9999
202102,-0.757,1.0,269.361,151.925,0.997768,262.841,0.999256,3.15,0.998512,95.725,0.980655,1.896,0.353423,4.923,0.119792,-9999,-9999,55.680427748226954,0.9955357142857143,302.52513388343203,0.9947916666666667,76.3699919426188,0.9947916666666667,54.192775974025984,0.9970238095238095,40.904096683484134,0.9955357142857143,326.36278896733114,0.9962797619047619,426.231,0.173363,3.199,3.674,4.368,5.126,5.636,0.998512,0.998512,0.998512,0.998512,0.998512,25.391,36.84,35.419,28.271,0.0,0.0,0.0,0.988839,-3.29961,0.203869,15.2024,0.200149,19.0537,0.395339,27.2581,0.205357,34.1635,0.766261,0.274348,0.142857,0.0076253,0.251049,0.266132,0.273823,0.149554,0.113095,0.142857,0.495617,0.460672,0.485875,0.495617,0.194973,0.211355,0.223748,0.239314,0.312092,0.272995,0.312088,0.327851,0.201563,0.182628,0.201561,0.209593,-9999,-9999
202103,11.63,0.997312,345.962,216.482,0.995968,299.311,0.99664,6.591,0.997312,95.479,0.959005,3.555,0.973118,6.072,0.959005,0.3618419256116769,0.9563172043010753,100.8332897035326,0.991263440860215,412.56012605616934,0.9939516129032258,44.44897788173184,0.9926075268817205,59.40658002298965,0.9946236559139785,33.51181050549352,0.9946236559139785,385.19742510225376,0.9946236559139785,426.743,0.997984,11.604,11.683,11.453,11.327,11.061,0.999328,0.999328,0.999328,0.999328,0.999328,37.878,36.787,35.417,31.671,0.0,0.0,0.0,0.975134,6.22869,0.99664,30.2893,0.992608,40.248,0.366644,40.9689,0.99664,54.4389,0.66753,0.112441,0.977823,0.0158728,0.106589,0.109028,0.109733,0.977823,0.976478,0.977823,1.00139,0.999744,1.00429,1.00866,0.897999,0.890565,0.894272,0.901058,0.966775,0.958141,0.96634,0.969467,0.929226,0.921647,0.927759,0.931632,-9999,-9999
202104,13.862,1.0,417.402,234.159,1.0,316.381,1.0,7.5,1.0,95.387,0.99375,0.553,1.0,5.865,0.602083,0.3702998144656546,0.9631944444444444,121.71332037037037,0.9979166666666667,470.22878287037037,0.9979166666666667,43.68254166666666,0.9979166666666667,78.18258333333331,0.9979166666666667,36.14945092592593,0.9979166666666667,395.43686574074076,0.9979166666666667,425.91,0.998611,14.756,14.929,14.784,14.655,14.357,1.0,1.0,1.0,1.0,1.0,37.516,35.136,35.419,28.689,0.0,0.127778,0.0,0.980556,8.05759,0.998611,41.1692,0.961806,53.7276,0.406694,45.4697,0.988889,59.3398,0.560402,-0.251452,0.950694,0.0190712,-0.252235,-0.250373,-0.243007,0.95,0.95,0.952778,1.70427,1.69757,1.70427,1.71151,1.96313,1.95203,1.95433,1.95881,1.85886,1.79581,1.84578,1.8509,1.99387,1.97238,1.9842,1.99058,-9999,-9999
202105,18.506,1.0,464.999,226.615,1.0,365.479,1.0,6.004,1.0,95.488,0.997984,3.796,1.0,5.229,0.831317,0.3558016738295749,0.9280913978494625,139.96938886982386,0.9986559139784946,467.09875428963625,0.9986559139784946,35.066625200183026,0.9986559139784946,102.15955587966143,0.9986559139784946,32.55710077785403,0.9986559139784946,422.4323552962709,0.9986559139784946,426.423,0.839382,19.907,19.96,19.568,19.182,18.642,1.0,1.0,1.0,1.0,1.0,37.441,34.003,35.115,25.977,0.0,0.233871,0.0,0.987903,10.8383,0.997984,71.765,0.669355,69.1796,0.658701,41.5138,0.997984,40.0182,0.517869,-0.431535,0.383065,0.0293406,-0.474583,-0.435648,-0.431942,0.379032,0.385753,0.385081,3.75069,3.73979,3.77573,3.78515,4.20848,4.15825,4.21369,4.23387,3.53362,3.50814,3.51853,3.85299,3.99404,3.99692,3.99949,4.20054,-9999,-9999
202106,25.437,1.0,484.024,287.005,1.0,394.943,1.0,12.892,1.0,95.287,0.999306,3.654,1.0,4.486,0.795833,0.29364893749726784,0.9437499999999999,178.19453888888887,0.9965277777777778,584.5787748423954,0.9972222222222221,44.3568524428684,0.9972222222222221,97.72209899527186,0.9972222222222221,40.71849174546887,0.9972222222222221,464.90761928684,0.9972222222222221,427.492,0.956944,26.582,26.331,25.483,24.727,23.91,1.0,1.0,1.0,1.0,1.0,37.026,26.759,34.906,28.09,0.46875,0.643056,0.0,0.94375,17.0917,1.0,76.4517,0.994444,100.492,0.66277,46.7105,0.99375,61.3985,0.536314,-0.269935,0.920833,0.0350039,-0.269666,-0.262619,-0.249238,0.918056,0.926389,0.924306,3.99805,3.99718,4.01376,4.03117,4.2815,4.25347,4.27216,4.28234,4.4276,4.38229,4.42594,4.55703,4.6034,4.58978,4.62149,4.72235,-9999,-9999
202107,26.286,1.0,474.078,287.012,1.0,399.871,1.0,12.166,1.0,95.581,0.991935,2.985,1.0,3.74,0.851478,0.251478885221752,0.8454301075268817,179.8533117421643,0.9952956989247312,584.6935229290383,0.9979838709677419,44.724300354112586,0.9973118279569891,94.86522677876917,0.9973118279569892,40.712812571493934,0.9973118279569892,467.4648021047814,0.9966397849462365,428.024,0.987903,27.209,27.145,26.65,26.187,25.618,1.0,1.0,1.0,1.0,1.0,36.407,23.475,34.898,34.091,0.0134409,0.0336022,0.0,0.928091,9.76916,1.0,94.9706,0.983199,124.185,0.802403,36.6249,0.987903,47.8913,0.439152,-0.818312,0.956317,0.0396077,-0.813042,-0.773746,-0.721813,0.956989,0.961022,0.963038,4.60148,4.51809,4.60216,4.66114,5.40931,5.34118,5.38193,5.40599,5.26829,5.09367,5.25816,5.27057,5.6202,5.55158,5.58898,5.61746,-9999,-9999
202108,26.657,1.0,435.78,265.069,1.0,398.867,1.0,13.733,1.0,95.408,0.989247,6.083,1.0,4.492,0.737231,0.27902096470384335,0.7224462365591398,159.89137709715553,0.9973118279569891,546.9567090759275,0.9858870967741935,42.52422276651893,0.9858870967741935,81.99619757111265,0.9973118279569891,39.81984296118356,0.9973118279569891,465.0848488141539,0.9973118279569891,427.623,0.793011,26.479,26.5,26.222,26.003,25.654,1.0,1.0,1.0,1.0,1.0,36.305,23.449,34.898,34.828,0.0,0.0,0.0,0.538978,4.62863,0.999328,94.0059,0.879032,133.948,0.649146,17.2806,0.892473,24.6228,0.438423,-1.0404,0.772849,0.0356526,-1.06545,-1.04057,-1.0272,0.790323,0.773522,0.77621,4.91157,4.86752,4.89847,4.92723,5.93422,5.88652,5.94076,5.96396,5.94549,5.50854,5.86647,5.91936,6.34038,6.27692,6.30943,6.32291,-9999,-9999
202109,25.09,1.0,373.781,247.626,1.0,371.937,1.0,15.948,0.835417,95.445,0.984028,0.352,1.0,4.582,0.995833,0.2904658150090627,0.9875,123.24781121518141,0.9979166666666667,494.9170118074827,0.9979166666666667,45.767467815294474,0.9979166666666667,60.830014389968134,0.9979166666666667,41.324074513053766,0.9979166666666667,457.4935956290472,0.9979166666666667,420.892,1.0,26.01,26.002,25.74,25.557,25.264,1.0,1.0,1.0,1.0,1.0,35.198,22.424,34.906,33.935,0.0,0.0,0.0,0.0,8.21638,0.998611,51.7705,0.999306,65.7465,0.554032,38.7005,0.999306,49.1482,0.579564,-0.323804,0.992361,0.0268225,-0.35873,-0.336158,-0.313038,0.991667,0.992361,0.992361,2.63645,2.61303,2.63767,2.65618,2.97732,2.96145,2.97153,2.97625,3.24624,2.78505,3.09667,3.24434,3.33334,3.09282,3.25576,3.33359,-9999,-9999
202110,18.299,1.0,297.659,189.421,1.0,332.836,1.0,9.861,0.0,95.335,0.993952,0.925,0.967742,5.25,0.973118,0.3378628025030624,0.9684139784946239,79.21594086021506,1.0,380.97698924731185,1.0,39.865288978494625,1.0,46.565927419354836,1.0,32.321014784946236,1.0,414.64126344086026,1.0,425.754,1.0,19.152,19.474,19.834,20.32,20.619,1.0,1.0,1.0,1.0,1.0,35.022,22.139,34.921,32.889,0.0,0.0,0.0,0.0,-1.83332,1.0,24.6248,1.0,33.563,1.11292,34.6864,1.0,47.2766,1.98817,0.257725,1.0,0.0980136,0.250899,0.256651,0.257615,1.0,1.0,1.0,1.2185,1.20824,1.21473,1.21786,0.957999,0.951877,0.958084,0.962792,1.67941,1.18592,1.67068,1.69104,1.29716,1.03382,1.2932,1.30673,-9999,-9999
202111,11.134,1.0,228.704,140.952,1.0,292.467,1.0,8.078,0.709028,95.873,0.997222,0.117,1.0,4.734,0.711111,0.28905492309855557,0.6930555555555554,37.71193689613526,0.9972222222222222,280.0339809782609,0.9958333333333333,33.74069685990337,0.9958333333333333,37.940126811594205,0.9972222222222222,25.204689009661834,0.9972222222222222,372.52012077294677,0.9972222222222222,424.49,0.999306,12.077,12.581,13.314,14.182,14.852,1.0,1.0,1.0,1.0,1.0,-9999,22.122,34.891,31.82,-9999,0.000694444,0.000694444,0.0,-3.83408,1.0,7.65263,0.995833,9.38415,0.104431,26.8615,0.998611,32.9393,0.5321,0.323993,0.988889,0.00526822,0.31693,0.329092,0.347728,0.988194,0.988889,0.989583,0.482422,0.466818,0.482406,0.527257,0.148585,0.148587,0.153503,0.179529,0.407209,0.407209,0.424428,0.487744,0.212608,0.212608,0.221322,0.253035,-9999,-9999
202112,10.112,0.992608,194.352,122.088,0.992608,287.786,0.992608,8.125,0.992608,95.215,0.985215,0.0,1.0,4.504,0.990591,0.28638064775044575,0.9852150537634409,20.698145376453027,0.9879032258064516,238.96301337413257,0.9852150537634408,31.55238138361422,0.9852150537634408,36.29754712244846,0.9852150537634408,23.728473633035918,0.9899193548387096,365.67650476353884,0.9905913978494624,425.506,0.981183,10.422,10.801,11.302,12.003,12.499,1.0,1.0,1.0,1.0,1.0,-9999,22.083,34.884,31.801,-9999,0.000672043,0.000672043,0.000672043,-2.02353,0.994624,3.71838,0.971774,4.0892,0.0789537,18.735,0.976478,20.6034,0.561696,0.24764,0.943548,0.0090109,0.242944,0.245345,0.251611,0.9375,0.943548,0.943548,0.282833,0.2812,0.283984,0.286223,0.0440995,0.0348522,0.0381793,0.0402211,0.160239,0.156191,0.160239,0.163259,0.00316344,0.00285877,0.00312618,0.00324415,-9999,-9999
