TIMESTAMP,TA_F,TA_F_QC,SW_IN_POT,SW_IN_F,SW_IN_F_QC,LW_IN_F,LW_IN_F_QC,VPD_F,VPD_F_QC,PA_F,PA_F_QC,P_F,P_F_QC,WS_F,WS_F_QC,USTAR,USTAR_QC,NETRAD,NETRAD_QC,PPFD_IN,PPFD_IN_QC,PPFD_OUT,PPFD_OUT_QC,SW_DIF,SW_DIF_QC,SW_OUT,SW_OUT_QC,LW_OUT,LW_OUT_QC,CO2_F_MDS,CO2_F_MDS_QC,TS_F_MDS_1,TS_F_MDS_2,TS_F_MDS_3,TS_F_MDS_4,TS_F_MDS_5,TS_F_MDS_6,TS_F_MDS_7,TS_F_MDS_1_QC,TS_F_MDS_2_QC,TS_F_MDS_3_QC,TS_F_MDS_4_QC,TS_F_MDS_5_QC,TS_F_MDS_6_QC,TS_F_MDS_7_QC,SWC_F_MDS_1,SWC_F_MDS_2,SWC_F_MDS_3,SWC_F_MDS_4,SWC_F_MDS_5,SWC_F_MDS_6,SWC_F_MDS_1_QC,SWC_F_MDS_2_QC,SWC_F_MDS_3_QC,SWC_F_MDS_4_QC,SWC_F_MDS_5_QC,SWC_F_MDS_6_QC,G_F_MDS,G_F_MDS_QC,LE_F_MDS,LE_F_MDS_QC,LE_CORR,LE_RANDUNC,H_F_MDS,H_F_MDS_QC,H_CORR,H_RANDUNC,NEE_VUT_REF,NEE_VUT_REF_QC,NEE_VUT_REF_RANDUNC,NEE_VUT_25,NEE_VUT_50,NEE_VUT_75,NEE_VUT_25_QC,NEE_VUT_50_QC,NEE_VUT_75_QC,RECO_NT_VUT_REF,RECO_NT_VUT_25,RECO_NT_VUT_50,RECO_NT_VUT_75,GPP_NT_VUT_REF,GPP_NT_VUT_25,GPP_NT_VUT_50,GPP_NT_VUT_75,RECO_DT_VUT_REF,RECO_DT_VUT_25,RECO_DT_VUT_50,RECO_DT_VUT_75,GPP_DT_VUT_REF,GPP_DT_VUT_25,GPP_DT_VUT_50,GPP_DT_VUT_75,RECO_SR,RECO_SR_N
201801,-4.466,0.0,142.83,70.268,0.0,253.651,0.0,1.604,0.0,78.541,0.0,1.39,0.0,1.959,0.0,-9999,-9999,-9999,-9999,-9999,-9999,-9999,-9999,-9999,-9999,-9999,-9999,-9999,-9999,-9999,-9999,-9999,-9999,-9999,-9999,-9999,-9999,-9999,-9999,-9999,-9999,-9999,-9999,-9999,-9999,-9999,-9999,-9999,-9999,-9999,-9999,-9999,-9999,-9999,-9999,-9999,-9999,-9999,-9999,9.78765,0.0,12.5044,-9999,19.3301,0.0,24.6956,-9999,0.395664,0.0,-9999,0.323342,0.395664,0.515292,0.0,0.0,0.0,-9999,-9999,-9999,-9999,-9999,-9999,-9999,-9999,-9999,-9999,-9999,-9999,-9999,-9999,-9999,-9999,-9999,-9999
201802,-6.777,0.0,205.888,104.384,0.0,246.287,0.0,1.493,0.0,77.963,0.0,2.386,0.0,2.208,0.0,-9999,-9999,-9999,-9999,-9999,-9999,-9999,-9999,-9999,-9999,-9999,-9999,-9999,-9999,-9999,-9999,-9999,-9999,-9999,-9999,-9999,-9999,-9999,-9999,-9999,-9999,-9999,-9999,-9999,-9999,-9999,-9999,-9999,-9999,-9999,-9999,-9999,-9999,-9999,-9999,-9999,-9999,-9999,-9999,9.78891,0.0,12.5102,-9999,19.0173,0.0,24.3039,-9999,0.398513,0.0,-9999,0.326111,0.398513,0.516045,0.0,0.0,0.0,-9999,-9999,-9999,-9999,-9999,-9999,-9999,-9999,-9999,-9999,-9999,-9999,-9999,-9999,-9999,-9999,-9999,-9999
201803,-1.891,0.0,295.739,168.667,0.0,253.105,0.0,2.299,0.0,78.18,0.0,1.348,0.0,2.084,0.0,-9999,-9999,-9999,-9999,-9999,-9999,-9999,-9999,-9999,-9999,-9999,-9999,-9999,-9999,-9999,-9999,-9999,-9999,-9999,-9999,-9999,-9999,-9999,-9999,-9999,-9999,-9999,-9999,-9999,-9999,-9999,-9999,-9999,-9999,-9999,-9999,-9999,-9999,-9999,-9999,-9999,-9999,-9999,-9999,9.78887,0.0,13.9295,-9999,19.0277,0.0,27.0763,-9999,0.397709,0.0,-9999,0.325387,0.397709,0.515214,0.0,0.0,0.0,-9999,-9999,-9999,-9999,-9999,-9999,-9999,-9999,-9999,-9999,-9999,-9999,-9999,-9999,-9999,-9999,-9999,-9999
201804,2.51,0.0,387.789,219.087,0.0,270.496,0.0,3.418,0.0,78.34,0.0,2.255,0.0,2.061,0.0,-9999,-9999,-9999,-9999,-9999,-9999,-9999,-9999,-9999,-9999,-9999,-9999,-9999,-9999,-9999,-9999,-9999,-9999,-9999,-9999,-9999,-9999,-9999,-9999,-9999,-9999,-9999,-9999,-9999,-9999,-9999,-9999,-9999,-9999,-9999,-9999,-9999,-9999,-9999,-9999,-9999,-9999,-9999,-9999,9.78846,0.0,11.4727,-9999,19.1286,0.0,22.4198,-9999,0.397255,0.0,-9999,0.324908,0.397255,0.5155,0.0,0.0,0.0,-9999,-9999,-9999,-9999,-9999,-9999,-9999,-9999,-9999,-9999,-9999,-9999,-9999,-9999,-9999,-9999,-9999,-9999
201805,7.238,0.0,455.898,262.25,0.0,295.449,0.0,3.992,0.0,78.658,0.0,1.15,0.0,1.472,0.0,-9999,-9999,-9999,-9999,-9999,-9999,-9999,-9999,-9999,-9999,-9999,-9999,-9999,-9999,-9999,-9999,-9999,-9999,-9999,-9999,-9999,-9999,-9999,-9999,-9999,-9999,-9999,-9999,-9999,-9999,-9999,-9999,-9999,-9999,-9999,-9999,-9999,-9999,-9999,-9999,-9999,-9999,-9999,-9999,9.78765,0.0,11.5998,-9999,19.3301,0.0,22.9089,-9999,0.395664,0.0,-9999,0.323342,0.395664,0.515292,0.0,0.0,0.0,-9999,-9999,-9999,-9999,-9999,-9999,-9999,-9999,-9999,-9999,-9999,-9999,-9999,-9999,-9999,-9999,-9999,-9999
201806,11.987,0.0,485.949,257.128,0.0,305.54,0.0,7.21,0.0,78.695,0.0,2.219,0.0,2.099,0.0,-9999,-9999,-9999,-9999,-9999,-9999,-9999,-9999,-9999,-9999,-9999,-9999,-9999,-9999,-9999,-9999,-9999,-9999,-9999,-9999,-9999,-9999,-9999,-9999,-9999,-9999,-9999,-9999,-9999,-9999,-9999,-9999,-9999,-9999,-9999,-9999,-9999,-9999,-9999,-9999,-9999,-9999,-9999,-9999,9.78846,0.0,11.3749,-9999,19.1286,0.0,22.2288,-9999,0.397255,0.0,-9999,0.324908,0.397255,0.5155,0.0,0.0,0.0,-9999,-9999,-9999,-9999,-9999,-9999,-9999,-9999,-9999,-9999,-9999,-9999,-9999,-9999,-9999,-9999,-9999,-9999
201807,17.062,0.0,471.395,286.944,0.0,314.553,0.0,12.371,0.0,79.261,0.0,0.529,0.0,1.794,0.0,-9999,-9999,-9999,-9999,-9999,-9999,-9999,-9999,-9999,-9999,-9999,-9999,-9999,-9999,-9999,-9999,-9999,-9999,-9999,-9999,-9999,-9999,-9999,-9999,-9999,-9999,-9999,-9999,-9999,-9999,-9999,-9999,-9999,-9999,-9999,-9999,-9999,-9999,-9999,-9999,-9999,-9999,1.01873,0.0,9.78887,0.0,11.1934,-9999,19.028,0.0,21.7582,-9999,0.398391,0.0,-9999,0.325994,0.398391,0.515992,0.0,0.0,0.0,-9999,-9999,-9999,-9999,-9999,-9999,-9999,-9999,-9999,-9999,-9999,-9999,-9999,-9999,-9999,-9999,-9999,-9999
201808,14.624,0.0,415.572,244.784,0.0,308.868,0.0,10.612,0.0,79.028,0.0,1.067,0.0,1.668,0.0,-9999,-9999,-9999,-9999,-9999,-9999,-9999,-9999,-9999,-9999,-9999,-9999,-9999,-9999,-9999,-9999,-9999,-9999,-9999,-9999,-9999,-9999,-9999,-9999,-9999,-9999,-9999,-9999,-9999,-9999,-9999,-9999,-9999,-9999,-9999,-9999,-9999,-9999,-9999,-9999,-9999,-9999,1.01562,0.0,9.78887,0.0,10.9405,-9999,19.0277,0.0,21.2663,-9999,0.397709,0.0,-9999,0.325387,0.397709,0.515214,0.0,0.0,0.0,-9999,-9999,-9999,-9999,-9999,-9999,-9999,-9999,-9999,-9999,-9999,-9999,-9999,-9999,-9999,-9999,-9999,-9999
201809,10.568,0.0111111,332.495,196.892,0.0111111,290.751,0.0111111,8.407,0.0111111,78.787,0.00972222,0.317,0.00625,1.95,0.00486111,-9999,-9999,-9999,-9999,-9999,-9999,-9999,-9999,-9999,-9999,-9999,-9999,-9999,-9999,-9999,-9999,-9999,-9999,-9999,-9999,-9999,-9999,-9999,-9999,-9999,-9999,-9999,-9999,-9999,-9999,-9999,-9999,-9999,-9999,-9999,-9999,-9999,-9999,-9999,-9999,-9999,-9999,0.97163,0.00138889,9.78846,0.0,10.9485,-9999,19.7528,0.00972222,22.0938,0.725421,0.397255,0.0,-9999,0.324908,0.397255,0.5155,0.0,0.0,0.0,-9999,-9999,-9999,-9999,-9999,-9999,-9999,-9999,-9999,-9999,-9999,-9999,-9999,-9999,-9999,-9999,-9999,-9999
201810,2.572,1.0,239.579,117.482,1.0,274.738,1.0,2.989,1.0,78.693,0.962366,1.677,0.298387,1.87,0.90457,0.3744463318414997,0.8823924731182796,49.313582193515714,0.9952956989247311,235.73500085438607,0.9879032258064516,21.49376172500572,0.9946236559139785,51.01565594666145,0.9952956989247311,15.650857028466843,0.9952956989247311,328.68254812563316,0.9952956989247311,414.233,0.934812,2.439,2.896,3.833,4.807,5.324,6.095,6.275,1.0,1.0,1.0,1.0,1.0,1.0,1.0,-9999,-9999,-9999,-9999,-9999,-9999,-9999,-9999,-9999,-9999,-9999,-9999,-1.53906,0.942204,9.53315,0.0,10.8726,-9999,22.5891,0.983871,25.7631,0.623525,0.43735,0.0,-9999,0.357548,0.43735,0.575182,0.0,0.0,0.0,-9999,-9999,-9999,-9999,-9999,-9999,-9999,-9999,-9999,-9999,-9999,-9999,-9999,-9999,-9999,-9999,-9999,-9999
201811,-4.613,0.997917,162.112,77.028,0.997917,251.023,0.997917,1.242,0.997917,78.538,0.961111,1.433,0.00763889,1.775,0.977778,0.3687229022335054,0.9666666666666669,17.883422496876907,0.9722222222222221,154.1361009229939,0.9659722222222222,44.904035269752605,0.9736111111111111,37.12030502221411,0.9708333333333332,22.253057154627594,0.9722222222222221,288.89245072108923,0.9736111111111111,416.175,0.977778,-1.298,-0.673,0.457,1.594,2.288,3.253,3.568,0.997917,0.997917,0.996528,0.997917,0.996528,0.996528,0.997222,5.142,-9999,8.386,9.274,-9999,11.893,0.0,-9999,0.0,0.0,-9999,0.0,-2.40153,0.983333,9.37107,0.0,10.8732,-9999,7.13832,0.990278,8.28253,0.539364,0.52105,0.0,-9999,0.441476,0.52105,0.691341,0.0,0.0,0.0,-9999,-9999,-9999,-9999,-9999,-9999,-9999,-9999,-9999,-9999,-9999,-9999,-9999,-9999,-9999,-9999,-9999,-9999
201812,-8.079,1.0,125.683,66.179,1.0,234.1,1.0,1.038,1.0,78.476,0.987231,0.872,0.0,1.791,0.99328,0.3711868172769442,0.9831989247311829,7.994808629018957,0.9959677419354839,130.2514139239597,0.9926075268817204,45.05977926662516,0.9959677419354839,34.82395136683107,0.9959677419354839,21.617940226412987,0.9959677419354839,271.0658265630238,0.9959677419354839,415.225,0.711022,-3.519,-3.038,-2.2,-1.088,-0.383,0.651,1.045,1.0,1.0,1.0,1.0,1.0,1.0,1.0,5.142,-9999,8.383,9.273,-9999,11.895,0.0,-9999,0.0,0.0,-9999,0.0,-2.19347,0.972446,6.73532,0.0,7.81492,-9999,-1.91392,0.99664,-2.2207,0.486211,0.524381,0.0,-9999,0.437292,0.524381,0.694701,0.0,0.0,0.0,-9999,-9999,-9999,-9999,-9999,-9999,-9999,-9999,-9999,-9999,-9999,-9999,-9999,-9999,-9999,-9999,-9999,-9999
201901,-6.76,1.0,142.83,73.63,1.0,244.747,1.0,1.086,1.0,78.497,0.991935,1.091,0.0,1.66,0.992608,0.3301089998263141,0.9791666666666666,13.793823924731184,1.0,148.2958304104256,0.9852150537634408,61.518015185312294,0.9993279569892473,38.845497311827955,1.0,27.86274865591398,1.0,275.5438844086021,1.0,415.935,0.830645,-3.009,-2.668,-2.164,-1.335,-0.891,-0.072,0.131,1.0,1.0,1.0,1.0,1.0,1.0,1.0,5.142,-9999,8.389,9.323,-9999,11.892,0.0,-9999,0.0,0.0,-9999,0.0,-1.38049,0.61828,6.42414,0.325269,7.83193,-9999,-0.65886,0.933468,-0.803243,0.450762,0.551467,0.321237,-9999,0.455028,0.551467,0.706701,0.30578,0.321237,0.321909,0.931235,0.646854,0.80003,0.907878,0.223589,0.191826,0.202665,0.234968,0.92264,0.958131,1.01934,1.18946,0.464478,0.468124,0.480024,0.717772,-9999,-9999
201902,-9.909,1.0,205.888,104.211,0.997768,248.263,1.0,0.758,1.0,77.581,0.983631,2.296,0.0,1.833,0.982887,0.39957585107100835,0.9665178571428571,33.08172896751979,0.9895833333333333,184.5052316735962,0.9523809523809526,109.87658563132312,0.9918154761904763,65.51962909122946,0.9933035714285714,49.26848443396399,0.9895833333333333,268.7659268176512,0.9933035714285714,420.884,0.834821,-2.533,-2.238,-1.815,-1.149,-0.837,-0.111,-0.029,1.0,1.0,1.0,1.0,0.997768,1.0,1.0,5.142,-9999,8.422,9.366,-9999,11.891,0.0,-9999,0.0,0.0,-9999,0.0,-1.49967,0.0691964,11.5518,0.463542,14.7632,0.354468,7.79081,0.90625,9.9566,0.626231,0.292266,0.47619,-9999,0.268772,0.292266,0.314479,0.471726,0.47619,0.419643,0.27997,0.24015,0.278984,0.288668,-0.037803,-0.0368571,-0.0213127,-0.00926753,0.774822,0.808981,0.872979,1.0544,0.562818,0.566402,0.579247,0.848142,-9999,-9999
201903,-5.187,0.982527,295.739,198.783,0.981855,236.457,0.982527,1.954,0.982527,78.463,0.964382,0.646,0.0732527,1.577,0.958333,0.2948107881817042,0.9442204301075269,70.4410854468599,0.9663978494623656,398.32472036656134,0.9469086021505375,191.21144508685376,0.9643817204301076,76.67779891304347,0.9663978494623656,83.04176811594202,0.9663978494623656,283.08100241545895,0.9663978494623656,419.352,0.833333,-1.535,-1.337,-1.076,-0.706,-0.59,-0.003,-0.076,0.982527,0.982527,0.982527,0.982527,0.982527,0.982527,0.982527,5.139,-9999,8.526,9.42,9.11,11.895,0.000672043,-9999,0.0,0.00537634,0.00604839,0.000672043,0.269646,0.84207,14.1751,0.616263,20.1711,0.293129,36.3615,0.614247,51.7422,0.629896,0.241907,0.183468,-9999,0.141359,0.188213,0.257931,0.37836,0.403898,0.144489,0.358773,0.357525,0.566367,0.707013,0.206292,0.272202,0.294482,0.457713,1.00438,1.03757,1.09129,1.24465,0.769796,0.775592,0.784253,1.09015,-9999,-9999
201904,1.746,0.848611,387.789,190.341,0.844444,281.099,0.848611,2.454,0.848611,78.258,0.809028,1.667,0.597917,2.147,0.759028,0.4671932717951612,0.7243055555555554,88.78582954390451,0.8055555555555556,363.3694694169001,0.7881944444444445,120.14306597910047,0.8055555555555556,104.9845379717895,0.8055555555555556,52.30224929822523,0.8055555555555556,322.93430090418246,0.8055555555555556,417.535,0.827778,1.198,1.21,1.118,1.196,0.981,1.309,0.971,0.847222,0.848611,0.846528,0.847917,0.847917,0.846528,0.840972,5.142,-9999,8.879,9.697,9.361,11.893,0.0,-9999,0.00208333,0.00277778,0.00277778,0.0,0.439369,0.811111,28.9445,0.573611,33.9247,0.365767,35.2577,0.620139,41.3241,0.665479,0.485387,0.509028,0.0172143,0.476894,0.482186,0.500569,0.519444,0.509028,0.509028,1.10188,1.1057,1.19122,1.25352,0.623325,0.636349,0.722032,0.750345,1.53011,1.46354,1.55308,1.75741,1.07191,1.04809,1.07191,1.39288,-9999,-9999
201905,4.967,1.0,455.898,222.19,1.0,291.898,1.0,3.728,1.0,78.275,0.978495,1.242,0.836022,1.935,0.936156,0.4213984908732462,0.9301075268817204,142.04340368336764,0.9993279569892474,454.4922755960729,0.9973118279569891,23.99450268817204,1.0,113.89065860215052,1.0,22.33233198924731,1.0,351.77479838709684,1.0,417.437,0.94086,6.339,6.215,5.688,5.349,4.62,4.583,3.836,1.0,1.0,1.0,1.0,1.0,1.0,1.0,5.001,-9999,9.078,9.725,11.268,12.214,0.00134409,-9999,0.00201613,0.000672043,0.00134409,0.00134409,1.67736,0.949597,52.1455,0.917339,61.1176,0.625132,67.8061,0.981183,79.4727,0.791565,-0.430754,0.892473,0.026087,-0.522603,-0.452877,-0.420156,0.894489,0.877688,0.892473,2.50685,2.4091,2.5568,2.65916,2.98112,2.93052,2.99071,3.09539,2.12813,2.21918,2.3288,2.39582,2.9477,2.97496,3.02432,3.07048,-9999,-9999
201906,10.174,1.0,485.949,253.122,1.0,306.615,1.0,5.656,1.0,78.726,0.984028,2.18,0.890278,1.962,0.975,0.39111548198519597,0.9652777777777779,160.03995648148148,0.9979166666666667,515.1901157407407,0.9979166666666667,25.813819444444444,1.0,107.92604166666668,1.0,26.996750000000002,1.0,375.0311111111111,1.0,420.861,0.961806,11.176,10.918,10.143,9.644,8.64,8.357,7.453,1.0,1.0,1.0,1.0,1.0,1.0,1.0,4.658,5.668,9.275,9.684,11.421,12.48,0.000694444,0.00138889,0.00138889,0.00138889,0.00208333,0.0,2.82186,0.958333,81.4206,0.953472,97.5604,1.02242,49.5612,0.981944,59.3856,0.900125,-0.598502,0.886806,0.0494367,-0.753887,-0.642411,-0.544606,0.921528,0.889583,0.8875,5.46375,5.20296,5.68349,6.05199,6.17633,5.82959,6.30028,6.56034,4.65287,4.18674,4.33014,4.66794,5.93591,5.68394,5.753,5.97115,-9999,-9999
201907,15.043,0.998656,471.395,284.74,0.998656,319.542,0.998656,8.96,0.998656,78.981,0.987903,1.115,0.767473,2.087,0.944892,0.40527875865736496,0.9146505376344086,172.32963171240473,0.9939516129032259,574.6435071082493,0.9959677419354839,28.25918013408985,0.9959677419354839,84.55299311487951,0.9959677419354839,30.98467080517659,0.9959677419354839,401.96427281227426,0.9959677419354839,422.956,0.893817,14.516,14.228,13.335,12.755,11.614,11.188,10.095,1.0,1.0,1.0,1.0,1.0,1.0,1.0,4.661,5.648,8.448,9.677,10.297,12.411,0.0,0.0,0.0,0.000672043,0.0483871,0.0,2.81257,0.997312,96.3135,0.988575,107.478,1.11599,56.794,0.995296,63.3776,0.950666,0.287281,0.80578,0.0664809,-0.131457,0.146881,0.267442,0.834005,0.749328,0.778898,5.98742,5.11435,6.30405,6.57741,5.92937,5.29732,6.02952,6.31291,5.57678,4.65171,5.91661,6.13535,5.9698,5.95669,6.35167,6.56741,-9999,-9999
201908,15.356,0.987231,415.572,246.989,0.987903,316.044,0.987231,10.367,0.987231,78.964,0.961694,0.853,0.740591,1.904,0.97043,0.3683785359776635,0.9502688172043011,132.55595291498992,0.9744623655913978,490.8817588998192,0.9778225806451613,25.381179867370435,0.9778225806451613,71.55078178559539,0.976478494623656,25.938036783031528,0.9778225806451613,401.6484562381284,0.9771505376344085,419.372,0.959005,14.292,14.105,13.531,13.225,12.364,12.147,11.209,0.988575,0.988575,0.988575,0.987903,0.987903,0.987903,0.987903,4.531,5.655,7.383,9.972,9.683,12.124,0.0,0.0,0.000672043,0.0,0.142473,0.0,1.4431,0.983199,60.9809,0.972446,68.0728,0.917973,61.2799,0.976478,68.4067,0.850735,0.493078,0.913978,0.0492698,0.18077,0.452661,0.527425,0.933468,0.918011,0.915995,4.13796,3.9179,4.23429,4.28445,3.87637,3.66553,3.75863,3.80786,3.92599,3.23596,3.50016,3.62668,3.8308,3.50198,3.63191,3.78484,-9999,-9999
201909,9.653,1.0,332.495,167.038,1.0,306.412,1.0,6.456,1.0,78.66,0.989583,1.531,0.715278,1.994,0.915972,0.44070347154593753,0.8819444444444444,87.19687352245862,0.9909722222222223,346.202964306455,0.9909722222222223,23.306491296638914,0.9909722222222223,61.25736703412479,0.9909722222222223,19.701597923733168,0.9909722222222223,369.3813228106691,0.9909722222222223,413.456,0.352083,9.466,9.694,10.033,10.382,10.132,10.42,9.914,1.0,1.0,1.0,1.0,1.0,1.0,1.0,3.144,4.524,5.504,10.603,7.213,11.44,0.0,0.0,0.0243056,0.0,0.000694444,0.0,-0.353858,0.999306,33.9553,0.763889,38.0545,0.476441,40.1201,0.99375,44.9636,0.75076,0.163461,0.409028,0.0499602,0.160545,0.205779,0.273525,0.409028,0.408333,0.352083,1.4855,1.31338,1.377,1.53256,1.39344,1.10595,1.22089,1.35357,2.11519,1.99462,2.11425,2.16181,1.83097,1.75843,1.81818,1.85188,-9999,-9999
201910,-2.245,0.957661,239.579,132.079,0.956317,249.534,0.954301,2.47,0.957661,78.602,0.943548,1.461,0.202285,2.051,0.935484,0.4285454620802216,0.9099462365591399,50.03013483962461,0.898521505376344,248.30888699141002,0.8837365591397849,55.52526144598156,0.8991935483870968,52.4849549454169,0.8991935483870968,28.598998385258362,0.898521505376344,303.3501658667419,0.8991935483870968,415.869,0.739247,0.571,1.24,2.481,3.606,4.203,5.287,5.519,0.984543,0.984543,0.984543,0.984543,0.984543,0.984543,0.984543,2.557,4.178,2.338,6.127,4.319,11.438,0.000672043,0.0,0.0,0.00134409,0.00134409,0.00134409,-2.74357,0.885753,22.218,0.656586,25.3399,0.268334,22.5498,0.754704,25.7182,0.643833,0.484175,0.0611559,0.0234471,0.407325,0.464046,0.50642,0.0611559,0.0611559,0.0611559,0.78021,0.744321,0.820576,0.869805,0.363901,0.297477,0.363901,0.43979,1.2764,1.01068,1.24199,1.27614,1.14968,1.10838,1.13544,1.15535,-9999,-9999
201911,-3.417,1.0,162.112,81.724,0.998611,250.272,1.0,1.954,1.0,78.55,0.997917,1.101,0.241667,1.794,0.986806,0.3786468019361119,0.9805555555555555,16.802354166666667,1.0,159.01904234892783,0.9909722222222221,40.901833333333336,1.0,40.16083333333334,1.0,19.637965277777777,1.0,293.7918055555556,1.0,417.488,0.614583,-1.739,-1.15,-0.095,0.966,1.457,2.499,2.759,1.0,1.0,1.0,1.0,1.0,1.0,1.0,2.088,4.177,1.197,4.795,3.655,11.464,0.0,0.0319444,0.0,0.000694444,0.00763889,0.0236111,-2.79167,0.996528,9.23986,0.992361,10.7209,0.230915,8.013,0.995139,9.2974,0.557871,0.866551,0.694444,0.0111529,0.780698,0.840113,0.858117,0.684028,0.634028,0.695139,0.600734,0.628965,0.654252,0.677363,-0.185678,-0.205711,-0.174047,-0.115892,0.613252,0.541042,0.623273,0.653984,0.0725957,0.065182,0.0777363,0.108132,-9999,-9999
201912,-6.255,0.989247,125.683,62.519,0.989919,242.965,0.989247,1.17,0.989247,78.394,0.97379,0.972,0.288978,1.755,0.979839,0.3586186080777615,0.9556451612903225,5.74741341607565,0.9663978494623655,132.47574305555557,0.967741935483871,55.66569444444444,0.967741935483871,41.52708333333333,0.967741935483871,24.009508274231678,0.9663978494623655,276.15069444444447,0.967741935483871,419.178,0.421371,-2.058,-1.662,-1.021,-0.202,0.149,1.116,1.21,0.824597,0.824597,0.824597,0.824597,0.824597,0.824597,0.989247,1.74,4.201,1.061,2.743,3.61,11.405,0.52621,0.778226,0.424059,0.530914,0.770833,0.766129,-1.38348,0.986559,2.95561,0.947581,3.42937,0.124944,-6.15205,0.956989,-7.13817,0.516348,0.0640797,0.465054,0.148627,0.0666092,0.105536,0.150556,0.467742,0.459005,0.452285,0.165756,0.169458,0.177851,0.197481,0.0975056,0.0358883,0.0767817,0.105379,0.651205,0.624667,0.688465,1.05226,0.0391942,0.0391942,0.0771136,0.19461,-9999,-9999
202001,-5.801,0.998656,142.83,66.002,1.0,252.06,0.998656,1.104,0.998656,78.31,0.987903,1.49,0.093414,2.262,0.99664,0.5008280531884783,0.9932795698924731,8.70437927663734,0.9973118279569891,140.87150441442563,0.9966397849462365,63.32578140273705,0.9973118279569891,49.021370967741944,0.9973118279569891,27.423897849462367,0.9973118279569891,281.31317204301075,0.9973118279569891,418.147,0.99664,-2.358,-1.94,-1.256,-0.397,-0.039,0.926,0.334,0.0356183,0.0356183,0.0356183,0.0356183,0.0356183,0.0356183,0.998656,1.632,4.202,1.088,2.044,3.581,11.288,0.00604839,0.0356183,0.000672043,0.00604839,0.462366,0.00201613,-0.897839,0.997312,1.94044,0.747312,2.89424,0.131082,-8.00914,0.759409,-11.9459,0.529765,0.42863,0.731855,0.0173653,0.409439,0.425595,0.430668,0.698253,0.724462,0.732527,0.470348,0.45961,0.47677,0.480343,0.0510437,0.0448259,0.0488947,0.051379,0.557612,0.557612,0.830318,0.908778,0.0206521,0.0285479,0.125468,0.147477,-9999,-9999
202002,-7.767,1.0,207.339,118.712,1.0,231.539,1.0,1.242,1.0,78.378,0.986351,1.832,0.18319,2.173,0.992816,0.434364838814081,0.9885057471264369,27.071425480441597,0.9913793103448276,226.7026363552195,0.9647988505747127,118.6838168131843,0.9913793103448276,62.88206862477852,0.9913793103448276,51.3585892281132,0.9913793103448276,270.3861381809095,0.9913793103448276,420.204,0.997845,-0.864,-0.663,-0.477,-0.055,-0.082,0.539,0.288,0.0,0.0,0.0,0.0,0.0,0.0,1.0,3.585,4.1,3.26,2.49,4.478,11.332,0.0,0.0,0.0,0.0,0.0,0.0,-0.757625,0.994253,6.7044,0.997126,8.56818,0.182691,8.92275,0.99569,11.4032,0.667924,0.427377,0.889368,0.00855876,0.411688,0.426322,0.436923,0.907328,0.880029,0.908046,0.392482,0.374388,0.405609,0.412766,-0.0571842,-0.0571842,-0.0272243,-0.00375404,0.388935,0.391781,0.398487,0.454825,0.0330212,0.0210035,0.0330212,0.0652616,-9999,-9999
202003,-2.662,0.989247,298.914,180.34,0.988575,246.198,0.989247,1.913,0.989247,78.168,0.941532,1.447,0.0356183,2.268,0.952285,0.4717720738793394,0.9448924731182796,53.138303627764145,0.956989247311828,374.1180785511389,0.9529569892473119,179.34442218997057,0.956989247311828,90.255128458827,0.956989247311828,76.03756073547076,0.956989247311828,295.0974539993595,0.956989247311828,419.4,0.978495,-0.793,-0.603,-0.435,-0.016,-0.049,0.571,0.348,0.903898,0.903898,0.903898,0.902554,0.90121,0.90121,0.972446,6.038,4.124,3.482,2.4,8.302,11.23,0.335349,0.893145,0.387769,0.456989,0.0,0.455645,-0.266058,0.985215,14.9186,0.972446,19.0659,0.311521,27.3163,0.985215,34.91,0.69359,0.665283,0.84879,0.00629284,0.657476,0.661532,0.665283,0.84879,0.858199,0.84879,0.646848,0.620422,0.655208,0.691305,-0.0106447,-0.037726,-0.00448261,0.0260236,0.609145,0.576026,0.599899,0.625639,0.00831684,0.0028052,0.0056161,0.00831684,-9999,-9999
202004,0.586,0.986111,390.504,234.319,0.988889,253.094,0.9875,3.392,0.986111,78.364,0.923611,1.064,0.197917,2.137,0.939583,0.42153504971016525,0.93125,93.94645379382663,0.9472222222222222,469.1975046437736,0.94375,175.4448456944963,0.9472222222222222,90.41590312333867,0.9479166666666666,74.59995953851694,0.9472222222222222,310.40062992013486,0.9479166666666666,420.434,0.954861,0.368,0.317,0.133,0.43,0.344,0.923,0.687,0.977083,0.975694,0.970833,0.975694,0.974306,0.972222,0.984722,13.047,11.83,8.786,11.342,14.249,25.735,0.628472,0.863194,0.772222,0.799306,0.83125,0.948611,0.0526928,0.977778,23.6958,0.984722,37.155,0.421073,41.8365,0.986806,65.5996,0.734413,0.619934,0.870833,0.0100698,0.605435,0.614067,0.627526,0.899306,0.871528,0.869444,0.940704,0.936459,0.960168,0.97431,0.329584,0.329191,0.332654,0.350615,1.19455,1.14255,1.18217,1.24429,0.497969,0.466739,0.490586,0.518614,-9999,-9999
202005,6.801,0.997984,457.544,239.611,0.998656,297.488,0.997312,5.291,0.995968,78.61,0.975806,1.49,0.432124,2.302,0.822581,0.48027648690608066,0.793010752688172,152.26093932919855,0.9926075268817205,496.62137312464466,0.9905913978494625,34.96033852553695,0.9939516129032258,119.39703978521226,0.9952956989247311,27.151729291868246,0.9939516129032258,357.8672784552521,0.9952956989247311,422.108,0.610887,7.274,6.927,5.914,5.392,4.467,4.379,3.486,0.997984,0.997984,0.997984,0.997984,0.997984,0.997984,0.997984,12.241,29.775,7.955,18.349,35.697,35.687,0.994624,0.0,0.977823,0.987231,0.989919,0.99328,2.89661,0.997984,50.9193,0.973118,64.2017,0.598769,66.8396,0.97379,84.2748,0.931909,0.330026,0.31586,0.0203932,0.0353291,0.322205,0.361273,0.292339,0.31922,0.267473,1.63343,1.45633,1.54519,1.67795,1.31123,1.28518,1.3406,1.40198,5.62934,5.49485,6.06825,7.6243,4.09444,3.92534,4.20643,5.11311,-9999,-9999
202006,10.972,1.0,486.186,233.518,1.0,309.907,1.0,6.81,1.0,78.623,0.989583,1.693,0.688194,2.222,0.986806,0.45920496590265286,0.9770833333333333,138.77167987460172,0.9979166666666667,483.690031182547,0.9979166666666667,23.478169319817038,0.9979166666666667,110.89899154589374,0.9986111111111112,25.943671195652175,0.9986111111111112,378.22824275362314,0.9986111111111112,424.129,0.339583,11.16,11.038,10.323,9.854,8.967,8.636,7.654,1.0,1.0,1.0,1.0,1.0,1.0,1.0,7.913,32.892,4.712,9.518,27.7,26.598,0.986806,0.897917,0.995833,0.990278,0.985417,0.986111,2.22999,1.0,55.6389,0.0847222,70.1524,0.649674,60.4645,0.0826389,76.2367,1.00962,0.406827,0.0,-9999,0.0904008,0.365227,0.426334,0.0,0.0,0.0,1.54403,1.38628,1.4809,1.54403,1.1788,1.0801,1.1788,1.27708,8.25556,8.25556,8.79518,10.3222,4.03078,3.91718,4.09404,5.09548,-9999,-9999
202007,15.763,1.0,470.191,305.715,1.0,305.91,1.0,11.332,1.0,78.947,0.977823,1.189,0.81922,2.193,0.990591,0.4394129889702121,0.9771505376344086,171.15741949948443,0.9952956989247311,621.2183351921756,0.9979838709677419,-9999,-9999,66.95063057652712,0.9993279569892473,34.696037186379925,0.9979838709677419,406.7675403225806,0.9979838709677419,419.402,0.94422,14.133,13.852,12.766,12.067,11.11,10.601,9.556,1.0,1.0,1.0,1.0,1.0,1.0,1.0,4.148,12.979,1.845,2.997,10.907,14.782,0.991935,1.0,0.987231,1.0,0.993952,0.994624,2.66038,1.0,59.0168,0.0,68.1499,-9999,92.8994,0.0,107.276,-9999,0.217557,0.0,-9999,-0.142115,0.197082,0.250686,0.0,0.0,0.0,1.49407,1.34519,1.42054,1.47416,1.27347,1.18384,1.28654,1.47356,10.1546,9.88679,10.7889,11.6194,3.81058,3.75858,3.9517,4.44021,-9999,-9999
202008,16.884,1.0,413.208,242.031,1.0,314.011,1.0,13.171,1.0,78.977,0.97379,0.966,0.789651,2.061,0.992608,0.40501218978429937,0.9798387096774193,115.60970517350854,0.9932795698924731,472.51319205118307,0.9879032258064516,27.114589157706096,0.9979838709677419,73.98868279569892,0.9979838709677419,27.927439964157703,0.9979838709677419,410.83973566308254,0.9979838709677419,422.345,0.765457,15.134,14.868,13.884,13.314,12.501,12.029,11.086,1.0,1.0,1.0,1.0,1.0,1.0,1.0,1.352,6.956,0.984,1.621,5.779,11.441,0.999328,0.998656,0.99328,0.998656,0.994624,0.984543,1.61662,0.998656,38.1581,0.293683,39.9148,0.704727,74.8081,0.321237,78.2522,1.13097,0.0811093,0.0,-9999,-0.23269,0.0574746,0.211831,0.0,0.0,0.0,1.35095,1.23411,1.28077,1.32723,1.18324,1.10417,1.2075,1.47632,9.24894,8.93279,9.75756,10.9761,2.50834,2.39446,2.61881,2.95701,-9999,-9999
202009,11.684,0.977083,329.484,203.245,0.976389,280.783,0.976389,10.264,0.977083,79.131,0.938889,0.802,0.610417,2.134,0.975694,0.39733333412092303,0.9590277777777777,72.79240979708761,0.9715277777777778,362.1136963054839,0.9618055555555556,22.944525908119655,0.9736111111111111,55.07239471920367,0.9395833333333332,22.294446848290594,0.9736111111111111,373.9735016025641,0.9736111111111111,425.196,0.0,9.046,9.289,9.396,9.711,9.576,9.855,9.503,0.986111,0.986111,0.986111,0.986111,0.986111,0.985417,0.986111,1.075,5.811,0.86,1.301,5.015,10.482,0.984028,0.981944,0.96875,0.963889,0.916667,0.952083,-0.256152,0.961806,17.7474,0.734722,18.5645,0.297864,53.3836,0.897222,55.8413,0.796614,0.437251,0.0,-9999,0.417859,0.437251,0.452479,0.0,0.0,0.0,1.10143,1.02887,1.06049,1.08186,0.674662,0.581545,0.622917,0.663017,5.21389,5.27197,5.80856,6.81983,1.76557,1.74291,1.79635,2.15014,-9999,-9999
202010,2.578,1.0,236.642,132.379,1.0,269.741,1.0,4.53,1.0,78.722,0.985215,1.136,0.285618,2.311,0.96707,0.4611046741558298,0.9549731182795699,45.436800105438,0.9966397849462364,267.09077698669665,0.9771505376344085,41.62570754130484,0.9966397849462364,51.06155410412502,0.9979838709677418,24.827019200163132,0.9966397849462364,328.61973437826384,0.9966397849462364,422.087,0.0,2.933,3.542,4.417,5.372,5.722,6.556,6.645,1.0,1.0,1.0,1.0,1.0,1.0,1.0,3.1,6.189,1.304,1.387,4.687,10.315,0.985887,0.987231,1.0,0.985215,0.948253,0.992608,-2.30294,0.993952,8.92724,0.0,9.33824,0.65981,16.6592,0.99664,17.4262,0.762127,0.434778,0.0,-9999,0.441922,0.445292,0.465183,0.0,0.0,0.0,0.803822,0.775518,0.795873,0.809207,0.358656,0.319715,0.343152,0.361474,2.09531,2.08496,2.4387,3.58352,0.949842,0.89279,0.974626,1.25,-9999,-9999
202011,-3.344,1.0,160.154,91.303,1.0,248.465,1.0,2.291,1.0,78.536,0.978472,1.07,0.0756944,1.883,0.910417,0.4035743723559038,0.9027777777777779,17.4453479441357,0.9833333333333333,184.95384425201524,0.9638888888888889,51.92528805936944,0.9833333333333333,39.09926859721769,0.9833333333333333,25.381597135955836,0.9833333333333333,295.1416334995096,0.9833333333333333,420.176,0.0,-0.796,-0.097,0.82,1.886,2.353,3.35,3.63,1.0,1.0,1.0,0.998611,0.998611,0.998611,0.999306,6.095,6.78,3.946,5.776,4.409,10.968,0.851389,0.814583,0.972222,0.982639,0.886806,0.985417,-3.36335,0.995833,4.00047,0.0791667,5.96684,0.10679,-3.7583,0.989583,-5.60563,0.609775,0.411171,0.0,-9999,0.417546,0.423289,0.435829,0.0,0.0,0.0,0.587196,0.573966,0.607214,0.617204,0.168681,0.156757,0.177206,0.187676,0.950853,1.0005,1.39233,1.90905,0.407465,0.370465,0.423976,0.593206,-9999,-9999
202012,-6.948,1.0,125.361,68.082,1.0,240.422,1.0,1.218,1.0,78.687,0.865591,0.839,0.015457,1.734,0.670699,0.22882534913936092,0.6182795698924732,7.651101090908346,0.9005376344086022,138.33630864927616,0.8924731182795701,47.058281268207736,0.8998655913978495,29.869102580551417,0.9005376344086022,22.06719230693132,0.9005376344086022,278.0542423262457,0.9005376344086022,420.018,0.55914,-3.295,-2.635,-1.756,-0.635,-0.143,0.951,1.329,1.0,0.999328,0.998656,0.997312,0.995968,0.997312,0.999328,1.917,5.956,1.579,3.597,4.307,11.261,0.717742,0.300403,0.821237,0.835349,0.534274,0.600806,-3.27879,0.93414,4.37847,0.895833,7.05836,0.116354,-3.17869,0.914651,-5.12425,0.506419,0.406096,0.37836,0.00675971,0.4185,0.426757,0.439049,0.379704,0.380376,0.364919,0.45123,0.444148,0.457847,0.477077,0.0358422,0.0221438,0.0313834,0.0439969,0.571535,0.584972,0.765254,0.863281,0.0787512,0.0707386,0.0823518,0.117873,-9999,-9999
202101,-7.075,1.0,142.83,77.905,1.0,245.806,1.0,0.999,1.0,78.477,0.926075,0.96,0.0,1.851,0.88172,0.3629790945629177,0.8575268817204302,16.310039981789124,0.9556451612903226,166.68757786637545,0.9509408602150538,63.107656499269126,0.9556451612903226,41.37924091967349,0.9556451612903226,29.19776346939376,0.9556451612903226,279.5417738829148,0.9556451612903226,420.944,0.993952,-3.293,-2.808,-2.369,-1.537,-1.228,-0.26,0.029,1.0,1.0,0.999328,0.997984,0.997312,0.998656,0.995968,1.784,6.548,1.189,2.369,4.311,10.798,0.508065,0.0,0.567204,0.434812,0.127016,0.585349,-2.17874,0.991935,4.77083,0.987903,7.69087,0.212432,1.80276,0.991935,2.90615,0.601461,0.343912,0.873656,0.00506382,0.333751,0.3424,0.344354,0.844758,0.872312,0.872312,0.193478,0.229626,0.233836,0.23894,-0.12248,-0.112924,-0.109086,-0.0982833,0.4015,0.383939,0.401534,0.405839,0.0181551,0.0106497,0.0159301,0.0186885,-9999,-9999
202102,-10.372,1.0,205.888,113.08,1.0,240.688,1.0,0.898,1.0,77.961,0.927083,1.755,0.0,2.409,0.90997,0.4743065944357955,0.8898809523809526,34.4985838675894,0.941220238095238,243.18562541369602,0.9278273809523808,112.99392775177962,0.9404761904761905,77.06206604010615,0.941220238095238,51.036069976179746,0.941220238095238,270.87086871198795,0.941220238095238,422.307,0.994792,-3.055,-2.603,-2.266,-1.543,-1.359,-0.511,-0.354,0.99628,0.993304,0.997024,0.993304,0.994792,0.994792,0.997024,2.865,6.475,1.321,2.035,11.684,12.1,0.341518,0.000744048,0.672619,0.415179,0.0,0.668899,-1.77251,0.868304,7.08748,0.99256,-9999,0.210628,12.1848,0.99628,-9999,0.672501,0.354018,0.970238,0.00546548,0.344176,0.35362,0.373612,0.968006,0.970238,0.968006,0.288515,0.279532,0.287148,0.298653,-0.0594229,-0.0793038,-0.0726872,-0.0668591,0.325192,0.322885,0.33593,0.350673,0.0089622,0.00915324,0.0125727,0.0169669,-9999,-9999
202103,-2.557,1.0,295.739,197.076,1.0,244.939,1.0,2.301,1.0,78.353,0.952957,1.026,0.0,1.978,0.939516,0.40357472318844695,0.9254032258064515,63.524319642781236,0.9919354838709676,412.36779324533086,0.9697580645161289,176.82798743040505,0.9919354838709676,84.06723564537383,0.9919354838709676,77.58255081495177,0.9919354838709676,298.5625698605976,0.9919354838709676,422.712,0.993952,-1.659,-1.33,-1.321,-0.799,-0.833,-0.174,-0.213,0.999328,0.999328,0.999328,0.997312,0.999328,0.999328,1.0,9.954,9.472,4.714,8.093,14.08,22.088,0.189516,0.0752688,0.140457,0.061828,0.0497312,0.131048,-0.731868,0.421371,15.5541,0.99328,22.2562,0.331107,30.5556,0.995296,43.7215,0.983979,0.637667,0.866935,0.00643161,0.617291,0.629778,0.632916,0.902554,0.899866,0.870968,0.631158,0.609478,0.64809,0.660523,0.0110674,-0.024489,0.0181623,0.025598,0.832346,0.821686,0.866181,1.1051,0.105657,0.10288,0.126082,0.316064,-9999,-9999
202104,0.431,0.997222,387.789,243.701,0.997222,253.346,0.997222,3.439,0.997222,78.457,0.922917,0.911,0.0,2.09,0.938194,0.4028019530948386,0.913888888888889,129.24859245945208,0.9402777777777779,512.6423521975998,0.9305555555555556,98.81148021443822,0.9402777777777779,93.59928149561583,0.9402777777777779,50.340406739811904,0.9402777777777779,321.9598046147381,0.9402777777777779,423.014,0.9875,0.546,0.574,0.16,0.414,0.227,0.767,0.572,0.995139,0.996528,0.990278,0.990278,0.994444,0.993056,0.990972,13.891,11.223,10.462,17.287,22.316,32.967,0.618056,0.107639,0.486806,0.439583,0.747222,0.699306,1.538,0.974306,26.6007,0.988194,38.0626,0.41129,60.6701,0.986111,86.812,0.954187,0.624335,0.90625,0.0137795,0.626464,0.629991,0.646055,0.907639,0.921528,0.895139,0.8506,0.845431,0.860287,0.878931,0.231952,0.213796,0.22478,0.235652,1.34426,1.20886,1.31011,1.34449,0.557916,0.434673,0.531751,0.562293,-9999,-9999
202105,5.807,0.995968,455.898,260.528,0.995968,283.75,0.995968,4.775,0.995968,78.582,0.965054,1.544,0.0,2.173,0.887097,0.43582178529041693,0.8588709677419355,156.22912727910236,0.9919354838709677,544.1609877208948,0.9852150537634408,34.03513015502372,0.9905913978494625,109.64731474988314,0.9919354838709677,29.618584911173443,0.9919354838709677,356.83554640018696,0.9919354838709677,422.816,0.533602,6.897,6.711,5.758,5.248,4.344,4.299,3.52,0.995968,0.995968,0.995968,0.995968,0.995968,0.995968,0.995968,11.528,9.869,9.866,18.76,37.396,35.385,0.759409,0.0,0.717742,0.567876,0.965054,0.750672,5.11897,0.99328,44.0796,0.991935,53.6738,0.483649,80.264,0.994624,97.734,0.897286,0.168356,0.488575,0.0757096,0.0575644,0.154858,0.180909,0.484543,0.486559,0.488575,3.0615,2.73724,3.0615,3.16906,2.98024,2.64315,2.98024,3.01483,2.6653,2.34566,2.65675,2.77287,2.85699,2.72039,2.85296,2.93744,-9999,-9999
202106,16.147,0.999306,485.949,331.631,1.0,304.585,0.999306,12.872,0.999306,78.844,0.913889,0.34,0.0,2.209,0.913889,0.45827203963734603,0.8930555555555555,195.07635361858837,0.9527777777777777,739.1653084043081,0.7534722222222222,37.01941777183256,0.7520833333333333,74.5376181258355,0.954861111111111,38.61800821694175,0.9541666666666667,411.08968909834135,0.954861111111111,422.601,0.984028,14.533,13.981,12.407,11.296,9.913,9.425,8.314,0.998611,0.999306,0.998611,0.998611,0.999306,0.999306,0.997222,4.292,9.389,3.968,8.365,23.709,25.262,0.971528,0.0368056,0.994444,0.903472,0.921528,0.720833,5.8889,0.99375,75.3398,0.988194,87.0216,0.729202,84.3555,0.985417,97.4351,1.02827,-0.289287,0.85625,0.0769838,-0.405786,-0.334334,-0.291163,0.873611,0.869444,0.85625,4.83621,4.44564,4.68344,4.84916,5.14452,4.82229,4.92263,5.1382,4.4177,4.16902,4.30942,4.41149,5.16259,5.01392,5.07121,5.16097,-9999,-9999
202107,18.489,0.997984,471.395,262.974,0.997984,326.579,0.997984,13.777,0.997984,79.179,0.905914,0.848,0.00134409,1.88,0.939516,0.35532622862591895,0.928763440860215,139.61399768563385,0.9428763440860213,-9999,-9999,-9999,-9999,105.54121760606724,0.9448924731182794,30.97132706577972,0.9448924731182794,421.4155924233035,0.9448924731182794,425.595,0.477823,16.667,16.213,14.828,13.803,12.454,11.921,10.873,0.997984,0.997984,0.997984,0.997312,0.997984,0.997984,0.995296,1.434,7.731,1.138,2.019,7.092,13.001,0.989247,0.702957,0.977823,0.9375,0.984543,0.987231,3.33452,0.992608,45.2703,0.974462,49.0202,0.567794,75.5422,0.986559,81.7996,0.900451,0.0734047,0.382392,0.0675336,-0.0362555,0.034748,0.0837007,0.387769,0.405914,0.382392,4.45874,4.38239,4.75918,5.04838,4.45228,4.26465,4.49956,4.97004,4.5741,2.85066,4.5741,4.74979,3.97698,3.12853,3.98064,4.04201,-9999,-9999
202108,14.27,1.0,415.572,229.949,1.0,312.88,1.0,9.359,1.0,78.901,0.9375,1.41,0.865591,1.983,0.928091,0.4017523646975573,0.9146505376344085,128.42242651469616,0.9543010752688171,537.8532470208175,0.6384408602150538,26.735847673444876,0.6424731182795699,91.08924918637784,0.9563172043010751,25.95690201428227,0.9576612903225805,394.46954085002903,0.9556451612903225,419.1,0.897177,13.983,14.037,13.552,13.278,12.484,12.29,11.571,1.0,1.0,1.0,1.0,1.0,0.998656,0.999328,3.206,7.719,3.113,5.797,6.269,13.568,0.998656,0.969086,0.983199,0.980511,0.990591,0.999328,0.966076,0.995968,52.2671,0.997312,64.099,0.641686,46.5379,0.997312,57.0729,0.74403,0.476776,0.850806,0.0301319,0.476776,0.514458,0.569503,0.850806,0.860887,0.857527,4.67109,3.53502,4.29502,4.6116,4.01449,3.07758,3.75105,4.09591,5.06557,3.72788,4.88812,5.25196,4.11117,3.64405,3.91648,4.17324,-9999,-9999
202109,11.527,0.990972,332.495,208.757,0.990972,282.81,0.990278,9.548,0.990278,78.932,0.935417,0.74,0.993056,2.04,0.946528,0.4129332366936666,0.9229166666666668,86.31854013921493,0.9729166666666668,387.90247575412855,0.7729166666666667,21.847925360238833,0.7729166666666667,59.99313801337679,0.9777777777777779,22.367745473547362,0.9743055555555556,374.28072108522935,0.9743055555555556,417.706,0.582639,9.396,9.714,9.862,10.13,9.884,10.157,9.884,1.0,1.0,1.0,1.0,1.0,1.0,1.0,1.709,7.415,1.475,2.97,6.056,13.407,0.995833,0.956944,0.972222,0.938889,0.904167,1.0,-0.70519,0.981944,30.5646,0.429167,39.694,0.462948,47.8037,0.940278,62.0823,0.793128,0.0157976,0.202083,0.0314078,-0.0806824,0.0162559,0.144671,0.263194,0.200694,0.209722,1.64244,1.28063,1.51833,1.60346,1.4544,1.29631,1.44976,1.48446,1.22422,1.23255,1.31018,1.52114,1.22123,1.27318,1.37319,1.41755,-9999,-9999
202110,3.81,0.997984,239.579,109.946,0.997312,289.774,0.997984,3.527,0.997984,78.582,0.943548,1.211,0.982527,1.929,0.881048,0.3889657484633931,0.8534946236559139,45.48409758187242,0.9751344086021506,215.7333246887451,0.9690860215053764,27.451394657252916,0.9758064516129032,57.39160503386,0.9771505376344085,17.17307114145019,0.9751344086021506,336.2155679489583,0.9751344086021506,418.817,0.99664,3.373,3.955,4.654,5.511,5.739,6.495,6.685,0.997312,0.997984,0.997984,0.990591,0.997984,0.997984,0.997984,4.653,7.175,2.096,1.889,5.622,12.044,0.994624,0.981855,0.945565,0.993952,0.935484,0.862231,-1.89015,0.99328,15.8146,0.995968,21.682,0.289481,18.2715,0.995968,25.0504,0.609857,0.560154,0.947581,0.0157242,0.521081,0.537856,0.558876,0.947581,0.954301,0.952285,1.2002,1.14424,1.19687,1.20354,0.6598,0.625933,0.637632,0.654294,1.31725,1.25535,1.31497,1.37736,0.798843,0.771068,0.802855,0.839552,-9999,-9999
202111,-0.878,0.966667,162.112,75.614,0.966667,266.606,0.959722,1.915,0.966667,78.829,0.863889,0.652,0.7375,2.31,0.835417,0.5125763797337904,0.78125,21.726479425821534,0.8458333333333334,153.8869595790609,0.8465277777777778,17.955635299770044,0.8465277777777778,48.71305588411235,0.8465277777777778,11.567282783748409,0.8458333333333334,313.9877138754568,0.8458333333333334,420.454,0.954861,-0.334,0.412,1.362,2.408,2.84,3.801,4.16,0.9625,0.961806,0.961806,0.961806,0.961806,0.9625,0.979167,6.65,6.943,-9999,2.647,5.54,-9999,0.411806,0.452778,-9999,0.415972,0.4,-9999,-3.91454,0.909028,10.5559,0.956944,17.0168,0.231858,3.10029,0.958333,4.99785,0.590099,0.696368,0.938889,0.0110177,0.687601,0.69457,0.697189,0.93125,0.938889,0.938889,0.911111,0.891079,0.911111,0.917703,0.221188,0.199747,0.218611,0.222363,0.716107,0.659811,0.721621,0.753139,0.147666,0.12871,0.148161,0.161539,-9999,-9999
202112,-6.338,0.932124,125.683,51.214,0.924731,260.532,0.908602,1.139,0.932124,77.713,0.71371,1.63,0.0208333,2.567,0.671371,0.5502501248202012,0.6559139784946237,5.672311132423984,0.7002688172043009,99.05910685778201,0.6935483870967741,41.963998001521894,0.6955645161290321,41.75788851227913,0.7009408602150538,19.426613166940946,0.7016129032258064,284.082657407779,0.7002688172043009,421.895,0.905242,-1.51,-0.892,-0.152,0.753,1.077,1.986,2.323,0.961022,0.961022,0.961022,0.961022,0.959677,0.959677,0.932124,-9999,-9999,-9999,2.927,-9999,-9999,-9999,-9999,-9999,0.00134409,-9999,-9999,-5.83554,0.0,8.86902,0.902554,14.2974,0.16594,-9.06866,0.903898,-14.6192,0.440301,0.417429,0.865591,0.00542292,0.416884,0.41865,0.421146,0.865591,0.865591,0.872312,0.478161,0.394947,0.472034,0.483488,0.057015,-0.0170156,0.054605,0.0639947,0.44841,0.401449,0.41446,0.448286,0.0107168,0.00148754,0.00959222,0.0115949,-9999,-9999
